YOLO Processing Time (s),Model Inference Time (s),Frame Processing Time (s)
1.2411136627197266,0.0062978267669677734,1.2519817352294922
0.17642569541931152,0.005055665969848633,0.1851966381072998
0.09390807151794434,0.0056645870208740234,0.1038057804107666
0.09301519393920898,0.004212379455566406,0.09982800483703613
0.05719590187072754,0.005902528762817383,0.06645679473876953
0.05605959892272949,0.006652116775512695,0.06519722938537598
0.05412864685058594,0.00470280647277832,0.06280994415283203
0.054860591888427734,0.004785776138305664,0.06407952308654785
0.05282855033874512,0.005800962448120117,0.06487870216369629
0.05486726760864258,0.004683971405029297,0.06281661987304688
0.0548250675201416,0.005202054977416992,0.06261038780212402
0.05446505546569824,0.004906892776489258,0.06287145614624023
0.0598750114440918,0.005651950836181641,0.06757402420043945
0.05541586875915527,0.005492687225341797,0.06364083290100098
0.05549883842468262,0.0069353580474853516,0.06545400619506836
0.053571462631225586,0.0066721439361572266,0.06248140335083008
0.053914546966552734,0.006079435348510742,0.062235355377197266
0.056137800216674805,0.007703065872192383,0.06590032577514648
0.05390167236328125,0.007375240325927734,0.06437849998474121
0.058980464935302734,0.006895542144775391,0.06899046897888184
0.05439472198486328,0.00712895393371582,0.06429004669189453
0.05624580383300781,0.010064125061035156,0.06909346580505371
0.054407596588134766,0.009517669677734375,0.06650567054748535
0.057675838470458984,0.008864164352416992,0.07000851631164551
0.05466651916503906,0.009486675262451172,0.06686830520629883
0.05532550811767578,0.008239269256591797,0.06632566452026367
0.056882619857788086,0.009011268615722656,0.06870770454406738
0.054666757583618164,0.008439064025878906,0.06537389755249023
0.05566000938415527,0.008335113525390625,0.06624603271484375
0.05548501014709473,0.009401321411132812,0.06832575798034668
0.055712223052978516,0.00802922248840332,0.06614971160888672
0.057048797607421875,0.008653402328491211,0.06997275352478027
0.05527997016906738,0.011236429214477539,0.06977605819702148
0.05786943435668945,0.010480165481567383,0.07221484184265137
0.06434059143066406,0.013703346252441406,0.08032345771789551
0.06464958190917969,0.022730350494384766,0.09504127502441406
0.07684540748596191,0.015211820602416992,0.09704017639160156
0.05783581733703613,0.011410951614379883,0.07156944274902344
0.05860185623168945,0.013061761856079102,0.07376766204833984
0.05827474594116211,0.012856245040893555,0.07376408576965332
0.05824637413024902,0.009510993957519531,0.07039189338684082
0.05927896499633789,0.01088857650756836,0.07259011268615723
0.0549776554107666,0.00924539566040039,0.06605982780456543
0.0566709041595459,0.009969234466552734,0.06890416145324707
0.06766247749328613,0.022042274475097656,0.0918588638305664
0.07826709747314453,0.02629828453063965,0.11118412017822266
0.07610845565795898,0.021951913833618164,0.10362410545349121
0.06958603858947754,0.023247241973876953,0.09514379501342773
0.0653676986694336,0.013376235961914062,0.08391237258911133
0.06766557693481445,0.010438680648803711,0.08190512657165527
0.05810046195983887,0.01333928108215332,0.07379865646362305
0.06564188003540039,0.01635575294494629,0.08618927001953125
0.06324076652526855,0.008590459823608398,0.07727217674255371
0.057073354721069336,0.010532140731811523,0.07149863243103027
0.055619239807128906,0.010285377502441406,0.068328857421875
0.05617022514343262,0.01113128662109375,0.07018303871154785
0.05536246299743652,0.01061868667602539,0.06894731521606445
0.062232255935668945,0.010564327239990234,0.0751640796661377
0.061914682388305664,0.009963750839233398,0.07429170608520508
0.05921006202697754,0.010013103485107422,0.07163405418395996
0.059406280517578125,0.00928640365600586,0.07115817070007324
0.059808969497680664,0.009568929672241211,0.0717930793762207
0.06082963943481445,0.008650779724121094,0.07447648048400879
0.06065559387207031,0.008509397506713867,0.07124614715576172
0.06131148338317871,0.00895833969116211,0.0735311508178711
0.059996843338012695,0.010215520858764648,0.07251763343811035
0.06072354316711426,0.00936269760131836,0.07270097732543945
0.059594154357910156,0.009769439697265625,0.07160711288452148
0.05951285362243652,0.010556936264038086,0.07232141494750977
0.06033158302307129,0.011729001998901367,0.07454156875610352
0.059090375900268555,0.00938725471496582,0.07192492485046387
0.0695340633392334,0.010692834854125977,0.08279705047607422
0.05929875373840332,0.00952911376953125,0.07314515113830566
0.05911660194396973,0.009862899780273438,0.07188177108764648
0.061704158782958984,0.009755134582519531,0.07365846633911133
0.05879640579223633,0.009797096252441406,0.0706932544708252
0.057770729064941406,0.011119604110717773,0.07165050506591797
0.057462215423583984,0.010522842407226562,0.07045722007751465
0.05916953086853027,0.010414600372314453,0.07147669792175293
0.058637380599975586,0.013884782791137695,0.07496356964111328
0.05739092826843262,0.01183938980102539,0.07122802734375
0.058981895446777344,0.010443449020385742,0.07120943069458008
0.05621623992919922,0.010515689849853516,0.06983041763305664
0.05832552909851074,0.010933399200439453,0.07149434089660645
0.05939626693725586,0.009835958480834961,0.07362556457519531
0.05843973159790039,0.010066747665405273,0.07178616523742676
0.05762624740600586,0.010096073150634766,0.07051587104797363
0.05835247039794922,0.009644269943237305,0.0708003044128418
0.05666708946228027,0.009491682052612305,0.0694575309753418
0.05686330795288086,0.010450601577758789,0.07093524932861328
0.055665016174316406,0.010128498077392578,0.06947183609008789
0.05882716178894043,0.009586811065673828,0.07207584381103516
0.05943131446838379,0.009912967681884766,0.07521939277648926
0.05728936195373535,0.009752750396728516,0.07078742980957031
0.05965876579284668,0.010062217712402344,0.07370209693908691
0.057969093322753906,0.010167837142944336,0.07202601432800293
0.05843353271484375,0.011104345321655273,0.07527995109558105
0.05581212043762207,0.009119749069213867,0.06810832023620605
0.057409048080444336,0.010437726974487305,0.07091403007507324
0.05832624435424805,0.012714147567749023,0.07413434982299805
0.05909132957458496,0.011027812957763672,0.07259273529052734
0.05957913398742676,0.010399341583251953,0.07206177711486816
0.06331682205200195,0.009285926818847656,0.07484817504882812
0.06395578384399414,0.010289430618286133,0.07627224922180176
0.076141357421875,0.016997575759887695,0.0961921215057373
0.06611251831054688,0.012198686599731445,0.0829000473022461
0.06383061408996582,0.011979103088378906,0.07977128028869629
0.06266021728515625,0.009802818298339844,0.07453370094299316
0.060367584228515625,0.009249687194824219,0.07226419448852539
0.06914687156677246,0.02317643165588379,0.09498453140258789
0.06587648391723633,0.010167837142944336,0.08081960678100586
0.06316781044006348,0.009198427200317383,0.07602763175964355
0.06449747085571289,0.009539365768432617,0.07758951187133789
0.06215786933898926,0.008947372436523438,0.07328963279724121
0.06381511688232422,0.016026735305786133,0.08309555053710938
0.06103849411010742,0.010674476623535156,0.07446050643920898
0.06410670280456543,0.012936592102050781,0.0793311595916748
0.0645601749420166,0.010532379150390625,0.07849717140197754
0.06522893905639648,0.010980844497680664,0.07825231552124023
0.05942058563232422,0.009222745895385742,0.07087588310241699
0.059667348861694336,0.008358955383300781,0.0708005428314209
0.056622982025146484,0.00883030891418457,0.06993770599365234
0.060187339782714844,0.00844120979309082,0.07075071334838867
0.05727195739746094,0.011766195297241211,0.07110881805419922
0.05586123466491699,0.010015010833740234,0.06794881820678711
0.059160470962524414,0.009695768356323242,0.07077693939208984
0.057498931884765625,0.00981903076171875,0.06910061836242676
0.06744503974914551,0.01336669921875,0.0829472541809082
0.05966591835021973,0.011635303497314453,0.07418227195739746
0.05682110786437988,0.011737346649169922,0.07038283348083496
0.059905290603637695,0.012056827545166016,0.07442808151245117
0.05648541450500488,0.01017141342163086,0.06902813911437988
0.05667996406555176,0.011148452758789062,0.0697624683380127
0.056348323822021484,0.009847402572631836,0.06907272338867188
0.05960226058959961,0.00986170768737793,0.07141375541687012
0.058331966400146484,0.009735822677612305,0.07086539268493652
0.05778336524963379,0.009551525115966797,0.06985855102539062
0.057329416275024414,0.009510040283203125,0.07059931755065918
0.05569171905517578,0.009497404098510742,0.0692741870880127
0.05920767784118652,0.008917570114135742,0.07018899917602539
0.06389594078063965,0.008451700210571289,0.07440924644470215
0.0636434555053711,0.009460926055908203,0.07623958587646484
0.056632041931152344,0.016289234161376953,0.07596135139465332
0.06203722953796387,0.00956273078918457,0.07588720321655273
0.059845685958862305,0.010844230651855469,0.07293057441711426
0.056755781173706055,0.009496450424194336,0.0691993236541748
0.056316375732421875,0.009567737579345703,0.06831884384155273
0.05756783485412598,0.007851839065551758,0.06841897964477539
0.055394649505615234,0.00884866714477539,0.06663084030151367
0.05646109580993652,0.00785064697265625,0.06681418418884277
0.06003069877624512,0.009579181671142578,0.07198238372802734
0.05713844299316406,0.00677800178527832,0.06687235832214355
0.056719064712524414,0.007956266403198242,0.0675363540649414
0.07675886154174805,0.015798330307006836,0.09499597549438477
0.06665611267089844,0.009963035583496094,0.0784921646118164
0.06117701530456543,0.010390758514404297,0.07374787330627441
0.06565093994140625,0.007485151290893555,0.07534241676330566
0.05681490898132324,0.0072476863861083984,0.06664919853210449
0.056932687759399414,0.006273746490478516,0.06619930267333984
0.056925058364868164,0.008517742156982422,0.06771564483642578
0.05728411674499512,0.005585908889770508,0.06518363952636719
0.05876302719116211,0.006350517272949219,0.06716609001159668
0.060620784759521484,0.005849599838256836,0.06905603408813477
0.05709266662597656,0.006238222122192383,0.0652773380279541
0.0572052001953125,0.006441593170166016,0.06583905220031738
0.05813145637512207,0.006252288818359375,0.06725025177001953
0.05720925331115723,0.0051648616790771484,0.06452488899230957
0.057184457778930664,0.006233692169189453,0.06558489799499512
0.05741572380065918,0.006621122360229492,0.06673574447631836
0.057851314544677734,0.005968570709228516,0.0661466121673584
0.0642848014831543,0.0057408809661865234,0.07188105583190918
0.05785322189331055,0.005836009979248047,0.06567263603210449
0.05838203430175781,0.005139350891113281,0.06605243682861328
0.060219526290893555,0.00592041015625,0.06858158111572266
0.06849122047424316,0.006467103958129883,0.07705020904541016
0.06007575988769531,0.006417512893676758,0.07103586196899414
0.05746126174926758,0.005419492721557617,0.06543803215026855
0.05672264099121094,0.004861116409301758,0.06414055824279785
0.06043529510498047,0.005304813385009766,0.06793832778930664
0.058556318283081055,0.004725217819213867,0.06536078453063965
0.05776810646057129,0.005248069763183594,0.06677436828613281
0.057219505310058594,0.005646944046020508,0.06493186950683594
0.058531999588012695,0.004767417907714844,0.06549620628356934
0.058698415756225586,0.0045588016510009766,0.06578779220581055
0.07044649124145508,0.0063724517822265625,0.07891535758972168
0.057372093200683594,0.004593849182128906,0.06441044807434082
0.06295442581176758,0.006706714630126953,0.07448291778564453
0.061316728591918945,0.005105018615722656,0.06903886795043945
0.05982637405395508,0.005304574966430664,0.06722712516784668
0.05973482131958008,0.0062999725341796875,0.06955242156982422
0.058916330337524414,0.005110502243041992,0.06645703315734863
0.05650830268859863,0.005200624465942383,0.06448817253112793
0.056305646896362305,0.0074579715728759766,0.06568765640258789
0.06470370292663574,0.004777669906616211,0.07267355918884277
0.06367754936218262,0.006377220153808594,0.07199716567993164
0.0583491325378418,0.0058858394622802734,0.06802582740783691
0.06367945671081543,0.005292415618896484,0.07266092300415039
0.06323766708374023,0.005312442779541016,0.07082533836364746
0.06294512748718262,0.00479435920715332,0.07010579109191895
0.05803322792053223,0.005292415618896484,0.06578564643859863
0.058533430099487305,0.005598306655883789,0.06615829467773438
0.05849957466125488,0.0074274539947509766,0.06783175468444824
0.07532310485839844,0.006456613540649414,0.08525753021240234
0.06502342224121094,0.0056667327880859375,0.07356476783752441
0.061441898345947266,0.007069110870361328,0.07075738906860352
0.05724596977233887,0.00604557991027832,0.06580090522766113
0.06175518035888672,0.006386280059814453,0.07085609436035156
0.055525779724121094,0.006505012512207031,0.06434059143066406
0.06099963188171387,0.006619453430175781,0.06991744041442871
0.061345577239990234,0.005996227264404297,0.06969094276428223
0.0594179630279541,0.006246805191040039,0.06801152229309082
0.0688169002532959,0.006343841552734375,0.07744073867797852
0.056990861892700195,0.006600141525268555,0.06576180458068848
0.05786466598510742,0.006253480911254883,0.06664681434631348
0.05919694900512695,0.00813913345336914,0.06992721557617188
0.06151008605957031,0.007875680923461914,0.07228636741638184
0.059455156326293945,0.006959199905395508,0.06873607635498047
0.05960273742675781,0.009813785552978516,0.07158374786376953
0.05804800987243652,0.008234739303588867,0.0685110092163086
0.05701088905334473,0.008854150772094727,0.06803488731384277
0.05889463424682617,0.008076190948486328,0.07040858268737793
0.055811166763305664,0.008083581924438477,0.06630420684814453
0.05601787567138672,0.007562398910522461,0.06549239158630371
0.05652880668640137,0.007048845291137695,0.06560468673706055
0.055376291275024414,0.007226467132568359,0.06574440002441406
0.05515909194946289,0.007979869842529297,0.06546545028686523
0.05451631546020508,0.007514238357543945,0.0641469955444336
0.055138587951660156,0.007279872894287109,0.0666952133178711
0.054325103759765625,0.011452198028564453,0.0681908130645752
0.05725693702697754,0.008954524993896484,0.06875324249267578
0.06313228607177734,0.013480186462402344,0.07904267311096191
0.06254959106445312,0.010235309600830078,0.07656717300415039
0.06222820281982422,0.00784921646118164,0.07397818565368652
0.05569887161254883,0.010025501251220703,0.06810760498046875
0.05901455879211426,0.009197711944580078,0.07109713554382324
0.06596875190734863,0.008519411087036133,0.07946181297302246
0.0576634407043457,0.008020401000976562,0.06926178932189941
0.057367801666259766,0.009031057357788086,0.06860780715942383
0.05668330192565918,0.006537199020385742,0.06628227233886719
0.06213951110839844,0.00711512565612793,0.07178258895874023
0.06092023849487305,0.007409811019897461,0.07135558128356934
0.06024503707885742,0.0074236392974853516,0.07004714012145996
0.05756020545959473,0.008898496627807617,0.06958985328674316
0.05799126625061035,0.0066471099853515625,0.06715035438537598
0.05796384811401367,0.008303165435791016,0.06984901428222656
0.05840706825256348,0.00652623176574707,0.06710648536682129
0.05713009834289551,0.006350040435791016,0.06631851196289062
0.05881786346435547,0.010012388229370117,0.07107925415039062
0.05823254585266113,0.005341053009033203,0.06626200675964355
0.05687069892883301,0.009200096130371094,0.06807208061218262
0.05802154541015625,0.009451150894165039,0.07127022743225098
0.05802416801452637,0.008558511734008789,0.0685720443725586
0.061391353607177734,0.008175134658813477,0.07202768325805664
0.05978727340698242,0.008225679397583008,0.07026886940002441
0.06008481979370117,0.009120702743530273,0.07152843475341797
0.062433481216430664,0.008579492568969727,0.07416486740112305
0.06417608261108398,0.0070896148681640625,0.0739893913269043
0.06465530395507812,0.010617256164550781,0.07788681983947754
0.06416964530944824,0.009470939636230469,0.07745599746704102
0.0641326904296875,0.010225296020507812,0.07665300369262695
0.06406712532043457,0.006013631820678711,0.07457542419433594
0.06494259834289551,0.006769657135009766,0.07677984237670898
0.06602668762207031,0.006737470626831055,0.07684755325317383
0.0643777847290039,0.008293867111206055,0.07702302932739258
0.06381654739379883,0.007519960403442383,0.07530403137207031
0.0616612434387207,0.006459236145019531,0.071563720703125
0.06191515922546387,0.007309913635253906,0.07175183296203613
0.05869746208190918,0.00746607780456543,0.06874966621398926
0.058988094329833984,0.0077419281005859375,0.06960201263427734
0.05788874626159668,0.005576372146606445,0.06548476219177246
0.06193685531616211,0.009429693222045898,0.0742793083190918
0.056420087814331055,0.007442474365234375,0.06596684455871582
0.0669410228729248,0.009303092956542969,0.07883119583129883
0.05634927749633789,0.008357524871826172,0.06701350212097168
0.057953596115112305,0.008490562438964844,0.06958270072937012
0.0557093620300293,0.008032083511352539,0.06699562072753906
0.05727410316467285,0.00684356689453125,0.06766986846923828
0.05902433395385742,0.008590221405029297,0.06997489929199219
0.05738115310668945,0.007977724075317383,0.06851911544799805
0.05911087989807129,0.012014627456665039,0.07338428497314453
0.05823373794555664,0.008135557174682617,0.0695028305053711
0.05714058876037598,0.009308338165283203,0.06965470314025879
0.05747652053833008,0.008072614669799805,0.06809496879577637
0.05650472640991211,0.009274482727050781,0.06837320327758789
0.05896425247192383,0.008537054061889648,0.06997060775756836
0.057578086853027344,0.010053157806396484,0.07018661499023438
0.05702042579650879,0.008595705032348633,0.06800270080566406
0.0591583251953125,0.010800838470458984,0.07371759414672852
0.06457734107971191,0.014119148254394531,0.08220648765563965
0.06090831756591797,0.008176088333129883,0.0714271068572998
0.06067061424255371,0.0070648193359375,0.06974124908447266
0.059326171875,0.008599996566772461,0.07288098335266113
0.08150768280029297,0.009554862976074219,0.09447598457336426
0.06545710563659668,0.006858348846435547,0.07619142532348633
0.05794262886047363,0.008428573608398438,0.06984829902648926
0.05900239944458008,0.006788730621337891,0.06806421279907227
0.06936979293823242,0.011244773864746094,0.08479857444763184
0.061296939849853516,0.007503509521484375,0.07233786582946777
0.06491398811340332,0.008676290512084961,0.07711648941040039
0.06075644493103027,0.010023832321166992,0.07387900352478027
0.0701894760131836,0.004499197006225586,0.08036017417907715
0.07502889633178711,0.016147613525390625,0.09703183174133301
0.06441879272460938,0.007735490798950195,0.07677888870239258
0.06457710266113281,0.009282112121582031,0.07609820365905762
0.06036067008972168,0.008899450302124023,0.07487130165100098
0.06302833557128906,0.006853342056274414,0.07347512245178223
0.06434440612792969,0.006010770797729492,0.07280588150024414
0.0653681755065918,0.0052089691162109375,0.07365298271179199
0.05836892127990723,0.008040904998779297,0.07033252716064453
0.05990028381347656,0.006339311599731445,0.06903719902038574
0.05829262733459473,0.005369424819946289,0.06580972671508789
0.06220817565917969,0.006070137023925781,0.07155418395996094
0.06055879592895508,0.007021665573120117,0.07087016105651855
0.05765247344970703,0.006824970245361328,0.06714558601379395
0.06001901626586914,0.0068933963775634766,0.07035708427429199
0.05737662315368652,0.006175518035888672,0.0657663345336914
0.05684161186218262,0.006087541580200195,0.06610918045043945
0.05727195739746094,0.006680011749267578,0.06614923477172852
0.05730152130126953,0.008510828018188477,0.06938600540161133
0.05732297897338867,0.0059239864349365234,0.06544041633605957
0.05681753158569336,0.006146669387817383,0.06504964828491211
0.05728554725646973,0.007506847381591797,0.0674138069152832
0.05736970901489258,0.006021261215209961,0.06573081016540527
0.05773615837097168,0.006246328353881836,0.06800961494445801
0.05501055717468262,0.006382465362548828,0.06362295150756836
0.06103062629699707,0.0065343379974365234,0.07029390335083008
0.05803847312927246,0.006993293762207031,0.06751894950866699
0.06034040451049805,0.008914470672607422,0.07361531257629395
0.06471729278564453,0.008534431457519531,0.07649755477905273
0.058493614196777344,0.007493257522583008,0.06813716888427734
0.06080794334411621,0.008037567138671875,0.07269978523254395
0.06374669075012207,0.00806879997253418,0.07635807991027832
0.05829000473022461,0.00997161865234375,0.0729522705078125
0.06130361557006836,0.011761903762817383,0.07528448104858398
0.06046462059020996,0.009702682495117188,0.07301163673400879
0.05959582328796387,0.009575605392456055,0.07198786735534668
0.0634300708770752,0.0069866180419921875,0.07263612747192383
0.0566554069519043,0.01006317138671875,0.07018566131591797
0.05819964408874512,0.010140180587768555,0.07149100303649902
0.06630516052246094,0.003702402114868164,0.07218575477600098
0.05547666549682617,0.0077860355377197266,0.06557798385620117
0.0577540397644043,0.008188962936401367,0.06806039810180664
0.05526375770568848,0.008501052856445312,0.06623315811157227
0.06136679649353027,0.007349252700805664,0.07114243507385254
0.054116249084472656,0.008381128311157227,0.0649564266204834
0.05548882484436035,0.007846832275390625,0.0657196044921875
0.05690193176269531,0.007824182510375977,0.06787991523742676
0.05564141273498535,0.008989334106445312,0.06669831275939941
0.058043718338012695,0.007974624633789062,0.06833434104919434
0.05547952651977539,0.010923385620117188,0.06886863708496094
0.05643796920776367,0.008237361907958984,0.06736016273498535
0.055718183517456055,0.011073589324951172,0.06898736953735352
0.06817054748535156,0.009845733642578125,0.08171200752258301
0.06638646125793457,0.01227569580078125,0.08140754699707031
0.06447696685791016,0.011055946350097656,0.0797569751739502
0.07716059684753418,0.013866186141967773,0.09488272666931152
0.06765437126159668,0.027363061904907227,0.0982973575592041
0.07782673835754395,0.020421504974365234,0.10755491256713867
0.06935429573059082,0.015800952911376953,0.08768224716186523
0.07287406921386719,0.012302637100219727,0.08923482894897461
0.06998658180236816,0.01615285873413086,0.08964753150939941
0.07202291488647461,0.008713960647583008,0.08499979972839355
0.06594467163085938,0.009053468704223633,0.079010009765625
0.057256221771240234,0.008965253829956055,0.07058358192443848
0.05608677864074707,0.011291265487670898,0.07213568687438965
0.05658149719238281,0.010827302932739258,0.06946516036987305
0.06009221076965332,0.010694265365600586,0.07429647445678711
0.056397199630737305,0.010799407958984375,0.07077813148498535
0.056143999099731445,0.010467052459716797,0.06927704811096191
0.05710721015930176,0.010927200317382812,0.07004952430725098
0.05695748329162598,0.011277198791503906,0.07078957557678223
0.05598592758178711,0.011073112487792969,0.06924843788146973
0.05801820755004883,0.01129293441772461,0.07227134704589844
0.05730319023132324,0.012662887573242188,0.07261538505554199
0.05706453323364258,0.013201236724853516,0.0735464096069336
0.05808424949645996,0.013104915618896484,0.07341504096984863
0.05769085884094238,0.012081384658813477,0.07174563407897949
0.0543057918548584,0.012407779693603516,0.0689554214477539
0.0654611587524414,0.012228012084960938,0.07997441291809082
0.054430484771728516,0.013705968856811523,0.07174468040466309
0.05550074577331543,0.012753009796142578,0.07046151161193848
0.05589604377746582,0.014282703399658203,0.07373428344726562
0.060730695724487305,0.012376070022583008,0.07676005363464355
0.05985236167907715,0.013147115707397461,0.07494401931762695
0.06130266189575195,0.018929719924926758,0.08221888542175293
0.059992074966430664,0.016400814056396484,0.08188176155090332
0.061270952224731445,0.01509547233581543,0.07888317108154297
0.062163591384887695,0.013907194137573242,0.07937073707580566
0.06059408187866211,0.015385866165161133,0.08148980140686035
0.062476158142089844,0.0162045955657959,0.08101558685302734
0.06178712844848633,0.014660835266113281,0.07925295829772949
0.059258222579956055,0.013268470764160156,0.07742571830749512
0.06112837791442871,0.014304637908935547,0.07917904853820801
0.05880284309387207,0.013400793075561523,0.0791478157043457
0.0623011589050293,0.01029658317565918,0.07769155502319336
0.06134319305419922,0.014195680618286133,0.07737994194030762
0.0658562183380127,0.012686729431152344,0.08051800727844238
0.06199312210083008,0.012176036834716797,0.07974839210510254
0.06380796432495117,0.008811712265014648,0.07747840881347656
0.06277966499328613,0.015665292739868164,0.08027505874633789
0.06423830986022949,0.011467218399047852,0.07808828353881836
0.06428837776184082,0.011520624160766602,0.07870888710021973
0.06697320938110352,0.009229898452758789,0.08118128776550293
0.06227731704711914,0.0088958740234375,0.07824373245239258
0.061243295669555664,0.008046388626098633,0.07119536399841309
0.06141328811645508,0.008134603500366211,0.07694149017333984
0.058782339096069336,0.01237177848815918,0.07623505592346191
0.058770179748535156,0.011385202407836914,0.07472419738769531
0.07081270217895508,0.016417264938354492,0.09355401992797852
0.0695955753326416,0.015540599822998047,0.09099602699279785
0.06669855117797852,0.012387275695800781,0.08392143249511719
0.06299185752868652,0.011907100677490234,0.07668304443359375
0.06271719932556152,0.012092351913452148,0.07685065269470215
0.06270098686218262,0.013217449188232422,0.07834005355834961
0.06580305099487305,0.010532617568969727,0.08523035049438477
0.06279420852661133,0.012359619140625,0.0773618221282959
0.0629277229309082,0.011828184127807617,0.07682442665100098
0.06361603736877441,0.011266469955444336,0.07711577415466309
0.06372857093811035,0.014811992645263672,0.08100748062133789
0.061334848403930664,0.011972904205322266,0.07850360870361328
0.06609249114990234,0.00886225700378418,0.08157920837402344
0.06063437461853027,0.017586946487426758,0.08034706115722656
0.06317353248596191,0.011733293533325195,0.07773017883300781
0.06099581718444824,0.012466907501220703,0.07739472389221191
0.06450343132019043,0.011114358901977539,0.07776784896850586
0.06758403778076172,0.010552644729614258,0.0805044174194336
0.05833935737609863,0.011056900024414062,0.07467770576477051
0.05865669250488281,0.013030052185058594,0.07674956321716309
0.06131172180175781,0.012560844421386719,0.07690548896789551
0.060441017150878906,0.011378288269042969,0.07610368728637695
0.06213545799255371,0.01092219352722168,0.07532644271850586
0.0624547004699707,0.009786367416381836,0.07459568977355957
0.06160449981689453,0.013100862503051758,0.07656049728393555
0.06529426574707031,0.012719392776489258,0.08013463020324707
0.06527924537658691,0.009309053421020508,0.0792083740234375
0.06127500534057617,0.009146690368652344,0.07857227325439453
0.0566411018371582,0.011322498321533203,0.0745382308959961
0.06327152252197266,0.010943412780761719,0.07860636711120605
0.05974721908569336,0.011056900024414062,0.0764472484588623
0.05914425849914551,0.012843132019042969,0.07809019088745117
0.05807757377624512,0.011043548583984375,0.07196235656738281
0.05760049819946289,0.009290695190429688,0.06985998153686523
0.05710124969482422,0.009306669235229492,0.06860566139221191
0.056932687759399414,0.011207103729248047,0.07140278816223145
0.058243751525878906,0.008684158325195312,0.07121896743774414
0.06138014793395996,0.012451648712158203,0.07821536064147949
0.0626535415649414,0.012900352478027344,0.07775568962097168
0.06538724899291992,0.011619806289672852,0.0803842544555664
0.06964755058288574,0.01700282096862793,0.09129524230957031
0.08100199699401855,0.012530803680419922,0.09836196899414062
0.07491660118103027,0.009231805801391602,0.08841633796691895
0.05927681922912598,0.012958765029907227,0.07617807388305664
0.05957603454589844,0.010399580001831055,0.07298111915588379
0.06062626838684082,0.011527299880981445,0.07457137107849121
0.05945134162902832,0.009505510330200195,0.07161116600036621
0.06022930145263672,0.009306669235229492,0.07262611389160156
0.05938529968261719,0.009957075119018555,0.07175445556640625
0.06141185760498047,0.011858463287353516,0.07648205757141113
0.05923199653625488,0.011853218078613281,0.07611751556396484
0.057874441146850586,0.011441230773925781,0.07342267036437988
0.05926632881164551,0.010797262191772461,0.07202649116516113
0.061341285705566406,0.010285139083862305,0.07485079765319824
0.060811758041381836,0.010826349258422852,0.07482004165649414
0.058156490325927734,0.01154637336730957,0.07195043563842773
0.0591428279876709,0.01121973991394043,0.07396483421325684
0.06170940399169922,0.012750864028930664,0.07642102241516113
0.06528329849243164,0.010436773300170898,0.07892870903015137
0.06203889846801758,0.013148307800292969,0.0784921646118164
0.059546470642089844,0.011409997940063477,0.07332348823547363
0.06002187728881836,0.011174678802490234,0.07369613647460938
0.06019234657287598,0.010996341705322266,0.07534909248352051
0.06116914749145508,0.010542631149291992,0.07468271255493164
0.05976581573486328,0.010635852813720703,0.0726318359375
0.05701041221618652,0.011256694793701172,0.07052326202392578
0.0584406852722168,0.011870145797729492,0.07427787780761719
0.0596318244934082,0.011225700378417969,0.07342219352722168
0.057935237884521484,0.010883092880249023,0.07122588157653809
0.056078195571899414,0.010175228118896484,0.06868219375610352
0.056527137756347656,0.010991573333740234,0.06998014450073242
0.05559992790222168,0.010017633438110352,0.0675346851348877
0.059058189392089844,0.009443521499633789,0.07060122489929199
0.05598092079162598,0.01137852668762207,0.0695028305053711
0.05669069290161133,0.01166534423828125,0.07099413871765137
0.05713701248168945,0.011362552642822266,0.0707235336303711
0.05666327476501465,0.009496688842773438,0.06838774681091309
0.05629730224609375,0.010245561599731445,0.07032370567321777
0.05597972869873047,0.009773731231689453,0.06783604621887207
0.057181358337402344,0.010156869888305664,0.07090640068054199
0.05811905860900879,0.009906768798828125,0.07029104232788086
0.057411909103393555,0.01068568229675293,0.07032585144042969
0.057384490966796875,0.010281562805175781,0.0701148509979248
0.05542492866516113,0.01019740104675293,0.06758475303649902
0.05745983123779297,0.011284112930297852,0.07100319862365723
0.05959129333496094,0.010141611099243164,0.07177186012268066
0.05867123603820801,0.009710311889648438,0.07101917266845703
0.05925893783569336,0.010538101196289062,0.07264137268066406
0.057131052017211914,0.009006023406982422,0.06821656227111816
0.0571591854095459,0.01117396354675293,0.07046651840209961
0.059095144271850586,0.01096963882446289,0.07421326637268066
0.07583999633789062,0.021109580993652344,0.10066914558410645
0.05763649940490723,0.008598566055297852,0.06904220581054688
0.057306766510009766,0.010086536407470703,0.07186126708984375
0.06054067611694336,0.008398056030273438,0.07126784324645996
0.059630632400512695,0.013322591781616211,0.07715463638305664
0.06861472129821777,0.01542973518371582,0.08628153800964355
0.07730507850646973,0.02060723304748535,0.10119438171386719
0.06478333473205566,0.013255119323730469,0.08402085304260254
0.060308218002319336,0.011412382125854492,0.07661938667297363
0.07511615753173828,0.019342660903930664,0.0970468521118164
0.0671837329864502,0.014109134674072266,0.09024524688720703
0.0679628849029541,0.009799003601074219,0.08467960357666016
0.09322309494018555,0.01652216911315918,0.11202120780944824
0.06646299362182617,0.009938955307006836,0.08281064033508301
0.06424880027770996,0.012980937957763672,0.07933330535888672
0.06772398948669434,0.008945941925048828,0.07998394966125488
0.06566119194030762,0.008459806442260742,0.08022451400756836
0.0907135009765625,0.03204345703125,0.12698006629943848
0.08118128776550293,0.020688533782958984,0.11033153533935547
0.0879213809967041,0.013869047164916992,0.11057758331298828
0.07137894630432129,0.012143850326538086,0.08609986305236816
0.07410430908203125,0.012416601181030273,0.0912637710571289
0.07009339332580566,0.00928354263305664,0.08184623718261719
0.06845998764038086,0.007524013519287109,0.08285069465637207
0.07528948783874512,0.00786590576171875,0.08667469024658203
0.07301974296569824,0.009334802627563477,0.08559155464172363
0.0734248161315918,0.014290332794189453,0.09438610076904297
0.07150959968566895,0.012984514236450195,0.0918891429901123
0.07022690773010254,0.010499000549316406,0.08509397506713867
0.07155561447143555,0.010231733322143555,0.08606100082397461
0.07293844223022461,0.01305079460144043,0.09014582633972168
0.07251453399658203,0.008008241653442383,0.08357715606689453
0.06906723976135254,0.010879278182983398,0.08187150955200195
0.06810688972473145,0.007666826248168945,0.08003735542297363
0.06888866424560547,0.009567737579345703,0.08045840263366699
0.07120084762573242,0.005383968353271484,0.07970237731933594
0.06623291969299316,0.005930423736572266,0.07731842994689941
0.06824660301208496,0.008860588073730469,0.07982277870178223
0.0643761157989502,0.0072057247161865234,0.0760490894317627
0.06875252723693848,0.006828784942626953,0.0822451114654541
0.06923389434814453,0.007483482360839844,0.08082914352416992
0.06641960144042969,0.005892753601074219,0.07616043090820312
0.06956887245178223,0.011236190795898438,0.09112334251403809
0.0694727897644043,0.01033782958984375,0.08664369583129883
0.0666055679321289,0.005666255950927734,0.0819082260131836
0.06457734107971191,0.006275653839111328,0.0729532241821289
0.06909322738647461,0.0071828365325927734,0.08025217056274414
0.07427597045898438,0.008484601974487305,0.0878610610961914
0.0655064582824707,0.01005697250366211,0.07806682586669922
0.06557846069335938,0.010984420776367188,0.08232355117797852
0.06505846977233887,0.00637054443359375,0.0791006088256836
0.0679924488067627,0.005723237991333008,0.08126211166381836
0.06808710098266602,0.006908416748046875,0.07973670959472656
0.06668472290039062,0.005567312240600586,0.0835113525390625
0.06937456130981445,0.006097316741943359,0.08055639266967773
0.06564068794250488,0.005965232849121094,0.07629871368408203
0.06165957450866699,0.006121158599853516,0.07048797607421875
0.06397819519042969,0.006044626235961914,0.07303404808044434
0.08288717269897461,0.006910800933837891,0.0922384262084961
0.06415128707885742,0.006026268005371094,0.07480049133300781
0.06249570846557617,0.006071329116821289,0.07126545906066895
0.06310701370239258,0.0061855316162109375,0.07204818725585938
0.058426618576049805,0.007036924362182617,0.06998872756958008
0.057027339935302734,0.006417989730834961,0.06626248359680176
0.05799078941345215,0.0070497989654541016,0.06848812103271484
0.058732032775878906,0.005645275115966797,0.06670594215393066
0.05785632133483887,0.008662223815917969,0.07001113891601562
0.06171417236328125,0.0062999725341796875,0.07062983512878418
0.059233903884887695,0.00787663459777832,0.07021641731262207
0.059967041015625,0.006692647933959961,0.07044601440429688
0.05794882774353027,0.006776094436645508,0.06745696067810059
0.06305503845214844,0.005765438079833984,0.07134079933166504
0.05975031852722168,0.005196571350097656,0.06763482093811035
0.06035757064819336,0.005406618118286133,0.06786823272705078
0.05996227264404297,0.0053555965423583984,0.0676734447479248
0.05695366859436035,0.0059812068939208984,0.06568026542663574
0.057436466217041016,0.0053730010986328125,0.06532788276672363
0.05639505386352539,0.004946708679199219,0.06561493873596191
0.05809450149536133,0.005851030349731445,0.0662684440612793
0.05912494659423828,0.005808591842651367,0.0673513412475586
0.05722761154174805,0.007153034210205078,0.06725239753723145
0.05686688423156738,0.005034923553466797,0.06503033638000488
0.05772566795349121,0.006270647048950195,0.06642723083496094
0.05587291717529297,0.0065822601318359375,0.06503963470458984
0.05952715873718262,0.007162332534790039,0.0689997673034668
0.05743217468261719,0.006059885025024414,0.06575489044189453
0.056825876235961914,0.007681369781494141,0.06712579727172852
0.05642342567443848,0.00751495361328125,0.06646084785461426
0.05783891677856445,0.00943756103515625,0.0697329044342041
0.056296348571777344,0.007610321044921875,0.06602144241333008
0.054860591888427734,0.007052898406982422,0.06595420837402344
0.055567264556884766,0.008033514022827148,0.06642723083496094
0.05619215965270996,0.008331775665283203,0.06931757926940918
0.05895662307739258,0.007180929183959961,0.0688478946685791
0.05664324760437012,0.007173776626586914,0.06696820259094238
0.05627560615539551,0.007037162780761719,0.0656275749206543
0.05775308609008789,0.007394075393676758,0.06731271743774414
0.061328887939453125,0.006391048431396484,0.07040715217590332
0.06277608871459961,0.007153034210205078,0.07404875755310059
0.05834794044494629,0.00935220718383789,0.07204484939575195
0.05851387977600098,0.007223606109619141,0.06791257858276367
0.057021379470825195,0.00751495361328125,0.06755852699279785
0.0568995475769043,0.0068209171295166016,0.06648850440979004
0.05729508399963379,0.006954669952392578,0.06783652305603027
0.05686807632446289,0.007290840148925781,0.06667351722717285
0.05662226676940918,0.00659489631652832,0.06612300872802734
0.05756545066833496,0.008857488632202148,0.06893253326416016
0.05716848373413086,0.007047891616821289,0.06728935241699219
0.05629777908325195,0.008142709732055664,0.06807351112365723
0.055294036865234375,0.00727081298828125,0.06506705284118652
0.057109832763671875,0.007499217987060547,0.06739354133605957
0.0547487735748291,0.008894681930541992,0.06584930419921875
0.05495405197143555,0.0065157413482666016,0.06399846076965332
0.05604147911071777,0.0075261592864990234,0.06743431091308594
0.05564618110656738,0.006836891174316406,0.06490325927734375
0.056839704513549805,0.00716090202331543,0.06621813774108887
0.055306434631347656,0.008942365646362305,0.06652379035949707
0.056851863861083984,0.008744955062866211,0.06783056259155273
0.05669593811035156,0.00852823257446289,0.06724834442138672
0.056790828704833984,0.007640361785888672,0.06652379035949707
0.056421756744384766,0.009138822555541992,0.06986522674560547
0.05710339546203613,0.008359193801879883,0.06823563575744629
0.05860185623168945,0.010432243347167969,0.07138514518737793
0.05797266960144043,0.010515213012695312,0.07209277153015137
0.060840606689453125,0.009642362594604492,0.07236361503601074
0.06447100639343262,0.015453815460205078,0.08204412460327148
0.061481475830078125,0.008670806884765625,0.07833409309387207
0.06348371505737305,0.005903005599975586,0.0740194320678711
0.05931258201599121,0.006611824035644531,0.07040047645568848
0.06147122383117676,0.00956583023071289,0.07544994354248047
0.061553955078125,0.010081052780151367,0.0750119686126709
0.06374168395996094,0.009418010711669922,0.07565689086914062
0.06172370910644531,0.007555246353149414,0.07168793678283691
0.06381344795227051,0.010468721389770508,0.0762336254119873
0.06156206130981445,0.007822036743164062,0.07214474678039551
0.06107950210571289,0.005997657775878906,0.06934165954589844
0.0626375675201416,0.0070111751556396484,0.07577180862426758
0.06268477439880371,0.007038116455078125,0.07560968399047852
0.06575536727905273,0.01203012466430664,0.08427929878234863
0.06750845909118652,0.009485960006713867,0.08047795295715332
0.0671072006225586,0.009935855865478516,0.08225369453430176
0.07819437980651855,0.012071371078491211,0.09466242790222168
0.061098337173461914,0.009263038635253906,0.07357978820800781
0.06172347068786621,0.006491661071777344,0.07078814506530762
0.06163358688354492,0.006948947906494141,0.07132101058959961
0.06184196472167969,0.005728721618652344,0.07364201545715332
0.06212019920349121,0.006361246109008789,0.07428145408630371
0.05915021896362305,0.007888078689575195,0.07329249382019043
0.06177401542663574,0.010085105895996094,0.07677459716796875
0.060869693756103516,0.010042190551757812,0.07566118240356445
0.06064319610595703,0.010331392288208008,0.0751502513885498
0.06153249740600586,0.011252641677856445,0.07651853561401367
0.07419705390930176,0.014705419540405273,0.0931859016418457
0.0706181526184082,0.008540630340576172,0.08323550224304199
0.06239199638366699,0.009102821350097656,0.07531356811523438
0.06144356727600098,0.01031494140625,0.07684707641601562
0.06315374374389648,0.011445999145507812,0.07672333717346191
0.06377005577087402,0.011807441711425781,0.07815408706665039
0.06109762191772461,0.00920248031616211,0.07222676277160645
0.06108260154724121,0.007318258285522461,0.07030272483825684
0.061453819274902344,0.007708072662353516,0.0711669921875
0.0655214786529541,0.010644197463989258,0.0782008171081543
0.06114482879638672,0.007228374481201172,0.07092571258544922
0.06215476989746094,0.007265567779541016,0.07138657569885254
0.06117653846740723,0.007401227951049805,0.07113242149353027
0.06099867820739746,0.0076198577880859375,0.07071471214294434
0.06054186820983887,0.009985923767089844,0.07256746292114258
0.06583786010742188,0.011845827102661133,0.08039593696594238
0.07589316368103027,0.002320528030395508,0.08180761337280273
0.06049036979675293,0.007199525833129883,0.07375025749206543
0.05907011032104492,0.009839534759521484,0.07582926750183105
0.059392452239990234,0.013971328735351562,0.0790853500366211
0.05949115753173828,0.009995698928833008,0.07440567016601562
0.061981916427612305,0.011804342269897461,0.0786900520324707
0.06307554244995117,0.014484882354736328,0.07953381538391113
0.06300663948059082,0.01402735710144043,0.08005189895629883
0.06393909454345703,0.011739969253540039,0.08183741569519043
0.06218719482421875,0.01642751693725586,0.08076286315917969
0.07251191139221191,0.01907658576965332,0.0944056510925293
0.0728459358215332,0.016351938247680664,0.09159994125366211
0.0628197193145752,0.015057802200317383,0.07987594604492188
0.06500554084777832,0.01309514045715332,0.08224749565124512
0.05935072898864746,0.01015162467956543,0.07193303108215332
0.05824422836303711,0.010067224502563477,0.0723123550415039
0.06006622314453125,0.011034250259399414,0.07394003868103027
0.05926775932312012,0.009899616241455078,0.07167315483093262
0.060277700424194336,0.010807514190673828,0.07295775413513184
0.05639219284057617,0.011489152908325195,0.07144737243652344
0.056102752685546875,0.011441230773925781,0.06981134414672852
0.05610942840576172,0.011369943618774414,0.06939291954040527
0.06357574462890625,0.012105941772460938,0.07825040817260742
0.05921816825866699,0.011235952377319336,0.0735938549041748
0.05917692184448242,0.012533903121948242,0.0737001895904541
0.05768752098083496,0.01180720329284668,0.07145452499389648
0.05664563179016113,0.012279510498046875,0.07105183601379395
0.05615544319152832,0.012894630432128906,0.07174873352050781
0.05637788772583008,0.011568784713745117,0.07080197334289551
0.05812978744506836,0.012987613677978516,0.07471060752868652
0.05793046951293945,0.011802196502685547,0.07218480110168457
0.05627584457397461,0.010941505432128906,0.07001304626464844
0.05655837059020996,0.010638952255249023,0.0692751407623291
0.055695295333862305,0.012096881866455078,0.07102251052856445
0.05692172050476074,0.011383533477783203,0.07028627395629883
0.05723381042480469,0.011785268783569336,0.07093405723571777
0.057241201400756836,0.01335763931274414,0.07452821731567383
0.05854630470275879,0.014934062957763672,0.07639241218566895
0.05671429634094238,0.013700008392333984,0.07248568534851074
0.05884814262390137,0.010778188705444336,0.07156634330749512
0.05552506446838379,0.013982534408569336,0.07302021980285645
0.05814099311828613,0.01098012924194336,0.07201933860778809
0.056314706802368164,0.011958837509155273,0.070556640625
0.055665016174316406,0.011786937713623047,0.06933760643005371
0.05609321594238281,0.01323556900024414,0.07228326797485352
0.05902361869812012,0.0141448974609375,0.07518649101257324
0.05733823776245117,0.012490987777709961,0.07216691970825195
0.05994296073913574,0.01411581039428711,0.07626986503601074
0.05602431297302246,0.014854907989501953,0.07326006889343262
0.05821037292480469,0.011439323425292969,0.07170534133911133
0.05839896202087402,0.01212000846862793,0.07353520393371582
0.059163570404052734,0.012343883514404297,0.07436299324035645
0.06314969062805176,0.011514663696289062,0.07669281959533691
0.06139016151428223,0.012573957443237305,0.07632184028625488
0.06023287773132324,0.014189004898071289,0.07663440704345703
0.05757570266723633,0.012134313583374023,0.07183051109313965
0.05678272247314453,0.015200138092041016,0.07395792007446289
0.05843853950500488,0.01199483871459961,0.0723106861114502
0.05757927894592285,0.012449502944946289,0.07301020622253418
0.05824589729309082,0.012626409530639648,0.07381558418273926
0.0574183464050293,0.014330863952636719,0.07373261451721191
0.05731344223022461,0.014200925827026367,0.07355761528015137
0.05792093276977539,0.014484405517578125,0.07437443733215332
0.06049752235412598,0.014328241348266602,0.0773928165435791
0.0679478645324707,0.017573118209838867,0.08773660659790039
0.06293153762817383,0.01727461814880371,0.08279299736022949
0.06355452537536621,0.01644420623779297,0.08261895179748535
0.06435847282409668,0.025558948516845703,0.09280776977539062
0.07383036613464355,0.016777515411376953,0.09344291687011719
0.05794644355773926,0.01346135139465332,0.07369613647460938
0.0580294132232666,0.015048742294311523,0.07662510871887207
0.05733776092529297,0.015164613723754883,0.07653522491455078
0.057042837142944336,0.014407634735107422,0.07425594329833984
0.06372475624084473,0.01421666145324707,0.0814366340637207
0.06436800956726074,0.03202223777770996,0.09849905967712402
0.06696391105651855,0.02242422103881836,0.09291744232177734
0.060309648513793945,0.018131494522094727,0.08138847351074219
0.05938148498535156,0.021494388580322266,0.08634424209594727
0.0647740364074707,0.019231319427490234,0.08612370491027832
0.060122013092041016,0.020259857177734375,0.08323097229003906
0.06367111206054688,0.023519277572631836,0.08972048759460449
0.06678175926208496,0.022877216339111328,0.0941915512084961
0.06657791137695312,0.02376699447631836,0.09755802154541016
0.0701148509979248,0.02220463752746582,0.09803628921508789
0.07896804809570312,0.02628612518310547,0.10977673530578613
0.07421064376831055,0.036908626556396484,0.11463594436645508
0.07422995567321777,0.026000499725341797,0.10271620750427246
0.07061409950256348,0.025414705276489258,0.10361886024475098
0.08604073524475098,0.03343510627746582,0.12344074249267578
0.0694575309753418,0.018947601318359375,0.09145784378051758
0.06390643119812012,0.01842474937438965,0.08475828170776367
0.06153988838195801,0.020430564880371094,0.08618402481079102
0.06268191337585449,0.015931129455566406,0.08056402206420898
0.06197381019592285,0.016893863677978516,0.08097028732299805
0.06106901168823242,0.017243146896362305,0.08106708526611328
0.06448054313659668,0.027855396270751953,0.09446263313293457
0.06391382217407227,0.018939971923828125,0.08750772476196289
0.06475067138671875,0.017099380493164062,0.08466124534606934
0.06483674049377441,0.018014192581176758,0.08518123626708984
0.06252861022949219,0.02173018455505371,0.08875918388366699
0.0701296329498291,0.026979684829711914,0.09949803352355957
0.06708574295043945,0.021223068237304688,0.09330987930297852
0.06484079360961914,0.017425537109375,0.0846555233001709
0.06720280647277832,0.021372079849243164,0.09071660041809082
0.07425880432128906,0.022161245346069336,0.09852194786071777
0.06882095336914062,0.02220463752746582,0.0959622859954834
0.06566333770751953,0.020476341247558594,0.08953452110290527
0.06398725509643555,0.021209716796875,0.0896003246307373
0.07986092567443848,0.02996063232421875,0.11301565170288086
0.08139562606811523,0.025670528411865234,0.1108255386352539
0.06630468368530273,0.017861366271972656,0.08607959747314453
0.06679844856262207,0.017846345901489258,0.08697986602783203
0.07089686393737793,0.01873469352722168,0.09440469741821289
0.06615161895751953,0.019185304641723633,0.09012436866760254
0.07235407829284668,0.016582965850830078,0.09247946739196777
0.06777024269104004,0.014731645584106445,0.08477234840393066
0.06801819801330566,0.016443729400634766,0.0863804817199707
0.06777667999267578,0.015696048736572266,0.08531785011291504
0.06910109519958496,0.018529891967773438,0.09263944625854492
0.07030606269836426,0.018100261688232422,0.09283018112182617
0.07135939598083496,0.02016425132751465,0.09487199783325195
0.06885623931884766,0.018174409866333008,0.09043169021606445
0.06673359870910645,0.01708245277404785,0.08593082427978516
0.06627321243286133,0.0185546875,0.08706808090209961
0.06469273567199707,0.014830350875854492,0.08140897750854492
0.06770730018615723,0.014114856719970703,0.08470964431762695
0.06468486785888672,0.017262935638427734,0.0841372013092041
0.06423020362854004,0.014548063278198242,0.08169126510620117
0.06280183792114258,0.017045259475708008,0.0818471908569336
0.06491565704345703,0.01467752456665039,0.08177590370178223
0.0635673999786377,0.014695405960083008,0.08107185363769531
0.06391406059265137,0.016338348388671875,0.08256793022155762
0.06212472915649414,0.016824007034301758,0.08094477653503418
0.06218671798706055,0.014835596084594727,0.08034348487854004
0.0596928596496582,0.015119791030883789,0.07713627815246582
0.05977129936218262,0.013974905014038086,0.0760047435760498
0.06087350845336914,0.016020774841308594,0.07873988151550293
0.06380534172058105,0.014859199523925781,0.08088088035583496
0.05953526496887207,0.015122413635253906,0.07683086395263672
0.060597896575927734,0.013972997665405273,0.0769951343536377
0.05979204177856445,0.013768434524536133,0.07596325874328613
0.05855870246887207,0.015781879425048828,0.07623910903930664
0.05878901481628418,0.01605391502380371,0.07699131965637207
0.05721139907836914,0.01664257049560547,0.07627749443054199
0.05669665336608887,0.015694618225097656,0.07535409927368164
0.057981014251708984,0.014973640441894531,0.07509613037109375
0.05571699142456055,0.014815568923950195,0.0724947452545166
0.05810189247131348,0.01522970199584961,0.07551383972167969
0.0567927360534668,0.015092611312866211,0.07401728630065918
0.05815577507019043,0.015165567398071289,0.07589530944824219
0.056647300720214844,0.01380610466003418,0.07354187965393066
0.058435916900634766,0.015614032745361328,0.0763702392578125
0.0570070743560791,0.013830184936523438,0.07292914390563965
0.057900428771972656,0.013515710830688477,0.07342267036437988
0.05467820167541504,0.013560056686401367,0.07038569450378418
0.05851101875305176,0.013451337814331055,0.07449579238891602
0.06077766418457031,0.026076555252075195,0.09077072143554688
0.07413339614868164,0.023734092712402344,0.10185503959655762
0.06539702415466309,0.022646665573120117,0.09259653091430664
0.06332850456237793,0.01668238639831543,0.08412837982177734
0.06114315986633301,0.012018203735351562,0.07524323463439941
0.056778669357299805,0.012584686279296875,0.07142090797424316
0.05664944648742676,0.01226353645324707,0.07118391990661621
0.058588504791259766,0.012903690338134766,0.07417750358581543
0.05779004096984863,0.013662099838256836,0.07436823844909668
0.059340476989746094,0.011865615844726562,0.0745842456817627
0.05859971046447754,0.014383792877197266,0.07540726661682129
0.05723762512207031,0.015530824661254883,0.07468795776367188
0.05726361274719238,0.011865615844726562,0.07140946388244629
0.058432579040527344,0.013213157653808594,0.07346868515014648
0.05697965621948242,0.012340068817138672,0.0713508129119873
0.05782508850097656,0.012608051300048828,0.07246994972229004
0.05769944190979004,0.014069557189941406,0.0738365650177002
0.05775308609008789,0.013606786727905273,0.07773041725158691
0.05784296989440918,0.013671636581420898,0.07431268692016602
0.06051802635192871,0.015463829040527344,0.07887148857116699
0.05652284622192383,0.014637231826782227,0.07355380058288574
0.05973219871520996,0.013306379318237305,0.07496452331542969
0.05909156799316406,0.014798402786254883,0.07619333267211914
0.05640840530395508,0.01597285270690918,0.07678532600402832
0.05994820594787598,0.015377521514892578,0.07855582237243652
0.058744192123413086,0.014956235885620117,0.07621979713439941
0.05734372138977051,0.014842033386230469,0.07422518730163574
0.059282541275024414,0.02141880989074707,0.08259701728820801
0.06268763542175293,0.02058267593383789,0.08660578727722168
0.06457376480102539,0.017800331115722656,0.0843963623046875
0.05935978889465332,0.018228530883789062,0.08054256439208984
0.06124234199523926,0.017757177352905273,0.08158636093139648
0.060729265213012695,0.01703786849975586,0.08098363876342773
0.06879138946533203,0.018777847290039062,0.09106993675231934
0.05845904350280762,0.016163349151611328,0.07825636863708496
0.061365365982055664,0.01690196990966797,0.08013439178466797
0.0671541690826416,0.015411853790283203,0.08575558662414551
0.06499838829040527,0.01685190200805664,0.08405447006225586
0.05858492851257324,0.015301704406738281,0.07762789726257324
0.06581783294677734,0.015130043029785156,0.08293557167053223
0.06175637245178223,0.01509857177734375,0.08056831359863281
0.061501502990722656,0.018060922622680664,0.08422112464904785
0.06646513938903809,0.01987171173095703,0.08904170989990234
0.06518411636352539,0.015636205673217773,0.08446216583251953
0.059342384338378906,0.0240323543548584,0.0888984203338623
0.06821918487548828,0.014615058898925781,0.08705329895019531
0.06420540809631348,0.018134355545043945,0.08407115936279297
0.08022451400756836,0.008658647537231445,0.09258747100830078
0.06182599067687988,0.011136531829833984,0.07670140266418457
0.0649566650390625,0.008263587951660156,0.08033633232116699
0.07242298126220703,0.0132598876953125,0.08778882026672363
0.06917381286621094,0.016545534133911133,0.09353971481323242
0.0649569034576416,0.013325214385986328,0.08066320419311523
0.0661618709564209,0.01569986343383789,0.08429718017578125
0.0666816234588623,0.01611948013305664,0.08480000495910645
0.06839370727539062,0.014393329620361328,0.08504343032836914
0.07171893119812012,0.015335798263549805,0.09329986572265625
0.07335305213928223,0.012866973876953125,0.08890295028686523
0.07443904876708984,0.015552282333374023,0.09275054931640625
0.09173202514648438,0.016269207000732422,0.11119270324707031
0.07409906387329102,0.015504598617553711,0.0936284065246582
0.0742189884185791,0.021051406860351562,0.10066485404968262
0.08452844619750977,0.02014946937561035,0.11075043678283691
0.08879923820495605,0.0187985897064209,0.11353278160095215
0.07124853134155273,0.010517597198486328,0.08525633811950684
0.06728744506835938,0.013273477554321289,0.08288264274597168
0.0820775032043457,0.015346765518188477,0.10185122489929199
0.07184386253356934,0.013805866241455078,0.09305143356323242
0.07934999465942383,0.029509305953979492,0.11308431625366211
0.0728461742401123,0.01511836051940918,0.09485769271850586
0.07343697547912598,0.016281843185424805,0.09560704231262207
0.07644057273864746,0.01320505142211914,0.09211516380310059
0.0722191333770752,0.014290332794189453,0.09024286270141602
0.07284784317016602,0.012637615203857422,0.0878298282623291
0.0731208324432373,0.010571002960205078,0.0859823226928711
0.07228946685791016,0.010047197341918945,0.08488988876342773
0.07132816314697266,0.011865854263305664,0.08630180358886719
0.06645059585571289,0.009784698486328125,0.07848095893859863
0.0633702278137207,0.010753154754638672,0.07615208625793457
0.06670999526977539,0.011278152465820312,0.07997894287109375
0.06447482109069824,0.011658906936645508,0.07801365852355957
0.06403613090515137,0.011351585388183594,0.07843446731567383
0.06397867202758789,0.009491920471191406,0.07588839530944824
0.06350231170654297,0.009364604949951172,0.07489991188049316
0.06487178802490234,0.00942683219909668,0.07723164558410645
0.06099534034729004,0.01063990592956543,0.07378172874450684
0.06389570236206055,0.008414983749389648,0.07436537742614746
0.06054091453552246,0.009150028228759766,0.07325172424316406
0.05982160568237305,0.009290933609008789,0.07138657569885254
0.06116437911987305,0.00972127914428711,0.07289576530456543
0.05644416809082031,0.010886192321777344,0.0697164535522461
0.05824565887451172,0.012855052947998047,0.07303380966186523
0.05897641181945801,0.011651992797851562,0.07250690460205078
0.05727434158325195,0.011150360107421875,0.07040286064147949
0.05761003494262695,0.010736942291259766,0.07176852226257324
0.058808326721191406,0.014375925064086914,0.0765988826751709
0.06084752082824707,0.013021230697631836,0.07593369483947754
0.061376094818115234,0.011376142501831055,0.07482147216796875
0.0572047233581543,0.012282848358154297,0.0715939998626709
0.05624055862426758,0.010814428329467773,0.06923866271972656
0.05689120292663574,0.012120723724365234,0.07135462760925293
0.057680368423461914,0.012899398803710938,0.07300949096679688
0.055853843688964844,0.010768651962280273,0.0686647891998291
0.057932138442993164,0.010742425918579102,0.0719747543334961
0.05742955207824707,0.0107574462890625,0.07050609588623047
0.06071019172668457,0.011328935623168945,0.07387089729309082
0.059468746185302734,0.013244390487670898,0.07550811767578125
0.06784939765930176,0.019923925399780273,0.09007740020751953
0.06764626502990723,0.01841259002685547,0.08892083168029785
0.0791780948638916,0.01704573631286621,0.09887456893920898
0.06725406646728516,0.010562419891357422,0.08049511909484863
0.0665736198425293,0.014375925064086914,0.0843496322631836
0.06513786315917969,0.014128446578979492,0.08188080787658691
0.058684349060058594,0.014290809631347656,0.07634997367858887
0.07905220985412598,0.009568214416503906,0.09324884414672852
0.05921196937561035,0.010641813278198242,0.07272052764892578
0.05797696113586426,0.010434150695800781,0.07110404968261719
0.06149649620056152,0.011665105819702148,0.0752103328704834
0.05783414840698242,0.011457204818725586,0.0714118480682373
0.06228160858154297,0.011458396911621094,0.07574939727783203
0.05874371528625488,0.011384963989257812,0.07302522659301758
0.06017756462097168,0.012438774108886719,0.07480430603027344
0.06111407279968262,0.014122724533081055,0.07768940925598145
0.060553789138793945,0.010905981063842773,0.07431197166442871
0.06000471115112305,0.011153936386108398,0.0732719898223877
0.05746197700500488,0.009063243865966797,0.06902241706848145
0.05790424346923828,0.009801149368286133,0.07055091857910156
0.05985116958618164,0.010402202606201172,0.07232022285461426
0.0590059757232666,0.011906147003173828,0.07333612442016602
0.05907249450683594,0.010863780975341797,0.07234907150268555
0.059595584869384766,0.010010480880737305,0.07219910621643066
0.06129264831542969,0.01046133041381836,0.07452845573425293
0.06325244903564453,0.009883880615234375,0.07549571990966797
0.0619969367980957,0.011151790618896484,0.07524991035461426
0.06094098091125488,0.01087498664855957,0.07385373115539551
0.06256628036499023,0.011602163314819336,0.07620525360107422
0.05889773368835449,0.009615659713745117,0.07087206840515137
0.06534695625305176,0.010557174682617188,0.07802438735961914
0.060317039489746094,0.011248111724853516,0.07445049285888672
0.06467652320861816,0.01647162437438965,0.08343839645385742
0.0627138614654541,0.012474298477172852,0.07870101928710938
0.06505322456359863,0.009312152862548828,0.07795906066894531
0.06410646438598633,0.012467622756958008,0.07905697822570801
0.07104372978210449,0.007412433624267578,0.08131766319274902
0.06214332580566406,0.010012149810791016,0.076629638671875
0.06303071975708008,0.008936643600463867,0.07650589942932129
0.06691956520080566,0.008473396301269531,0.07912874221801758
0.06387495994567871,0.015525579452514648,0.08396768569946289
0.06974625587463379,0.016613245010375977,0.09250068664550781
0.0653994083404541,0.012348413467407227,0.08427810668945312
0.06118297576904297,0.011903524398803711,0.07506918907165527
0.0625920295715332,0.012133121490478516,0.07714962959289551
0.06297469139099121,0.014463424682617188,0.07953619956970215
0.061524152755737305,0.014585256576538086,0.07929372787475586
0.05887556076049805,0.015032291412353516,0.07771587371826172
0.06360554695129395,0.011102676391601562,0.07900309562683105
0.06524133682250977,0.013465404510498047,0.08398795127868652
0.06163144111633301,0.013070106506347656,0.0785684585571289
0.06347084045410156,0.00957942008972168,0.0776815414428711
0.05951070785522461,0.011751174926757812,0.07345366477966309
0.06453943252563477,0.016014814376831055,0.08411169052124023
0.06405091285705566,0.015598535537719727,0.08294463157653809
0.06420779228210449,0.020230531692504883,0.08983421325683594
0.06107354164123535,0.014599323272705078,0.0780019760131836
0.0583035945892334,0.00951838493347168,0.07283568382263184
0.05993533134460449,0.012027502059936523,0.0744478702545166
0.06591796875,0.01532602310180664,0.08747267723083496
0.06624579429626465,0.016744375228881836,0.08505558967590332
0.06651663780212402,0.02138042449951172,0.09078073501586914
0.07699894905090332,0.018045902252197266,0.09863567352294922
0.07518649101257324,0.018589258193969727,0.09761595726013184
0.0792231559753418,0.01527857780456543,0.09726858139038086
0.06743860244750977,0.013419389724731445,0.08344149589538574
0.0709688663482666,0.01341557502746582,0.08720660209655762
0.06952047348022461,0.012660741806030273,0.08882594108581543
0.06842660903930664,0.017437458038330078,0.08791518211364746
0.07155394554138184,0.009948968887329102,0.08351612091064453
0.06955337524414062,0.011705398559570312,0.08353376388549805
0.07127094268798828,0.011144161224365234,0.08460307121276855
0.07648515701293945,0.011302947998046875,0.09026145935058594
0.09853887557983398,0.015267133712768555,0.1164402961730957
0.09993529319763184,0.01614689826965332,0.11824417114257812
0.09075617790222168,0.01640915870666504,0.11160421371459961
0.09324979782104492,0.016411304473876953,0.11160874366760254
0.0932765007019043,0.012384414672851562,0.11018729209899902
0.059052467346191406,0.011005163192749023,0.07328152656555176
0.05806541442871094,0.013466596603393555,0.07379817962646484
0.061567068099975586,0.008900642395019531,0.07293033599853516
0.05775046348571777,0.01021432876586914,0.07014656066894531
0.05620765686035156,0.009920597076416016,0.06906795501708984
0.05723905563354492,0.009197235107421875,0.06893587112426758
0.08191847801208496,0.02519536018371582,0.10981965065002441
0.07189273834228516,0.011145830154418945,0.08758020401000977
0.0561978816986084,0.009128808975219727,0.06806373596191406
0.055045366287231445,0.014557838439941406,0.07177543640136719
0.07857513427734375,0.010860681533813477,0.09276008605957031
0.05830073356628418,0.015113115310668945,0.07738065719604492
0.0555875301361084,0.010419130325317383,0.06859755516052246
0.059510231018066406,0.013694286346435547,0.07690787315368652
0.058080196380615234,0.009806394577026367,0.07177162170410156
0.05746150016784668,0.01042628288269043,0.07063651084899902
0.0650479793548584,0.013878107070922852,0.0815892219543457
0.07977986335754395,0.010983705520629883,0.09456396102905273
0.06527590751647949,0.015382051467895508,0.08299040794372559
0.06559586524963379,0.010048151016235352,0.07866382598876953
0.05825018882751465,0.008697986602783203,0.06913113594055176
0.05963921546936035,0.008742570877075195,0.07059431076049805
0.06139087677001953,0.010011434555053711,0.07408475875854492
0.08063030242919922,0.013181209564208984,0.0980374813079834
0.062351226806640625,0.009124040603637695,0.07590961456298828
0.05729794502258301,0.008293390274047852,0.06815505027770996
0.059824466705322266,0.008541345596313477,0.07114982604980469
0.06250810623168945,0.010532140731811523,0.07495236396789551
0.07181429862976074,0.008960723876953125,0.0827183723449707
0.060019493103027344,0.00954437255859375,0.07356381416320801
0.06250810623168945,0.010954856872558594,0.07691264152526855
0.06067609786987305,0.01072072982788086,0.07520174980163574
0.06092691421508789,0.00804591178894043,0.07126212120056152
0.05686450004577637,0.006450176239013672,0.06516218185424805
0.058815956115722656,0.005506992340087891,0.06613659858703613
0.056870460510253906,0.007376670837402344,0.0666806697845459
0.05786848068237305,0.005445003509521484,0.06602883338928223
0.05723428726196289,0.005249500274658203,0.06548666954040527
0.05715656280517578,0.0057561397552490234,0.06509256362915039
0.05851483345031738,0.005643129348754883,0.0659785270690918
0.05620455741882324,0.004261493682861328,0.06343483924865723
0.05643606185913086,0.004638671875,0.06286430358886719
