Frame,YOLO Processing Time (s),Model Inference Time (s),Frame Processing Time (s)
0,2.2799766063690186,0.011711359024047852,2.2956840991973877
1,0.10530328750610352,0.007942914962768555,0.11757993698120117
2,0.09165406227111816,0.013761520385742188,0.10892891883850098
3,0.08724141120910645,0.014848709106445312,0.1059865951538086
4,0.08988499641418457,0.019636869430541992,0.11301565170288086
5,0.08679819107055664,0.020259380340576172,0.11046957969665527
6,0.0912024974822998,0.017067670822143555,0.11145639419555664
7,0.08605790138244629,0.01722097396850586,0.10588860511779785
8,0.0879373550415039,0.016701221466064453,0.10782241821289062
9,0.0865015983581543,0.01744222640991211,0.10665369033813477
10,0.08626818656921387,0.017086267471313477,0.10698318481445312
11,0.0856475830078125,0.01739192008972168,0.10599136352539062
12,0.08666753768920898,0.016164779663085938,0.10616827011108398
13,0.08766365051269531,0.01629495620727539,0.10700559616088867
14,0.08918023109436035,0.0215301513671875,0.11346244812011719
15,0.08653140068054199,0.019457578659057617,0.10886573791503906
16,0.08722209930419922,0.01989579200744629,0.10956621170043945
17,0.08760857582092285,0.026351451873779297,0.1176767349243164
18,0.08713388442993164,0.025583982467651367,0.11517333984375
19,0.08828043937683105,0.026282787322998047,0.11693358421325684
20,0.08807516098022461,0.02673649787902832,0.11832070350646973
21,0.0907588005065918,0.029027223587036133,0.12257528305053711
22,0.08865857124328613,0.03184008598327637,0.12245416641235352
23,0.08934712409973145,0.030601024627685547,0.12394475936889648
24,0.08987689018249512,0.02885580062866211,0.12306499481201172
25,0.09005284309387207,0.031044721603393555,0.12470865249633789
26,0.08900761604309082,0.028971195220947266,0.12026405334472656
27,0.08887887001037598,0.027805328369140625,0.1191565990447998
28,0.08887171745300293,0.0294950008392334,0.1211545467376709
29,0.08674240112304688,0.02747201919555664,0.11631464958190918
30,0.0887441635131836,0.0340425968170166,0.12565064430236816
31,0.0895543098449707,0.028872013092041016,0.12222003936767578
32,0.08925294876098633,0.034311771392822266,0.12604880332946777
33,0.0979621410369873,0.03241276741027832,0.13538122177124023
34,0.08910965919494629,0.03535819053649902,0.12834954261779785
35,0.09010839462280273,0.033905982971191406,0.1269853115081787
36,0.08814001083374023,0.039639949798583984,0.1309647560119629
37,0.08985042572021484,0.03950333595275879,0.13321781158447266
38,0.09131002426147461,0.038808345794677734,0.133073091506958
39,0.09044313430786133,0.03853034973144531,0.13206839561462402
40,0.0902564525604248,0.03375554084777832,0.1281297206878662
41,0.09067010879516602,0.03288149833679199,0.12638401985168457
42,0.08709955215454102,0.032790422439575195,0.12211132049560547
43,0.0879213809967041,0.03333091735839844,0.12458276748657227
44,0.08820390701293945,0.043280601501464844,0.13408422470092773
45,0.08968520164489746,0.035027503967285156,0.1309986114501953
46,0.08936905860900879,0.03681635856628418,0.1301403045654297
47,0.08977723121643066,0.04289698600769043,0.13540101051330566
48,0.09213972091674805,0.03626084327697754,0.13711166381835938
49,0.09228801727294922,0.03474235534667969,0.13075542449951172
50,0.09199333190917969,0.037821292877197266,0.13368821144104004
51,0.09171724319458008,0.03994464874267578,0.13478589057922363
52,0.0905454158782959,0.03841137886047363,0.13297009468078613
53,0.09211254119873047,0.03545880317687988,0.13158869743347168
54,0.08916449546813965,0.04060220718383789,0.1327073574066162
54,0.09109807014465332,0.03732180595397949,0.13118672370910645
55,0.08994650840759277,0.0447688102722168,0.1381211280822754
56,0.0919036865234375,0.039368391036987305,0.13417863845825195
57,0.0940713882446289,0.03939461708068848,0.13584566116333008
58,0.09157752990722656,0.03937196731567383,0.13460540771484375
59,0.08875083923339844,0.03416037559509277,0.12618708610534668
60,0.08994078636169434,0.037046194076538086,0.1292562484741211
60,0.09439468383789062,0.03401589393615723,0.13125324249267578
60,0.09128642082214355,0.03949451446533203,0.13418221473693848
60,0.09863471984863281,0.06803250312805176,0.17128348350524902
60,0.10173439979553223,0.05515432357788086,0.16433000564575195
60,0.10644674301147461,0.05956292152404785,0.17193341255187988
60,0.10383915901184082,0.04597878456115723,0.15253305435180664
59,0.10663366317749023,0.05863666534423828,0.167374849319458
57,0.10120296478271484,0.05034756660461426,0.15520262718200684
55,0.09680867195129395,0.03726077079772949,0.1402604579925537
54,0.09364581108093262,0.03671717643737793,0.13237738609313965
53,0.09342169761657715,0.029383420944213867,0.12488603591918945
52,0.08801531791687012,0.030791044235229492,0.12114596366882324
52,0.08878064155578613,0.0337827205657959,0.12507891654968262
52,0.09004354476928711,0.032683372497558594,0.1264655590057373
51,0.09005308151245117,0.029334545135498047,0.12284135818481445
51,0.08833789825439453,0.033386945724487305,0.125016450881958
51,0.09233379364013672,0.035004377365112305,0.13056063652038574
51,0.09077286720275879,0.03831028938293457,0.13199448585510254
51,0.08951830863952637,0.03774714469909668,0.13038229942321777
51,0.09060001373291016,0.038033485412597656,0.13120269775390625
51,0.09150314331054688,0.03683924674987793,0.13095426559448242
51,0.08885788917541504,0.03308892250061035,0.1249384880065918
52,0.08977699279785156,0.032598018646240234,0.12486696243286133
53,0.09171676635742188,0.033951759338378906,0.12924623489379883
54,0.09112834930419922,0.03770732879638672,0.13674569129943848
55,0.08973026275634766,0.03330659866333008,0.1258997917175293
56,0.09029269218444824,0.03545689582824707,0.1290736198425293
57,0.09024500846862793,0.03372025489807129,0.12725448608398438
58,0.08997535705566406,0.03478074073791504,0.1268749237060547
59,0.08846259117126465,0.03203940391540527,0.12412405014038086
60,0.09198784828186035,0.037583351135253906,0.13303422927856445
61,0.09044671058654785,0.03335905075073242,0.12614107131958008
62,0.0905754566192627,0.03551506996154785,0.1286907196044922
63,0.0897679328918457,0.03804492950439453,0.13042712211608887
64,0.09143614768981934,0.03446459770202637,0.12897109985351562
65,0.0885457992553711,0.03327441215515137,0.12512898445129395
66,0.0901789665222168,0.038985252380371094,0.13214612007141113
67,0.09594154357910156,0.037897348403930664,0.1365952491760254
67,0.08988165855407715,0.03463101387023926,0.12883949279785156
68,0.09052872657775879,0.036585330963134766,0.13005733489990234
68,0.0922391414642334,0.034239768981933594,0.12983155250549316
68,0.0898139476776123,0.029610633850097656,0.12227296829223633
68,0.08870053291320801,0.037558555603027344,0.12899160385131836
68,0.09021306037902832,0.03442740440368652,0.12734341621398926
68,0.09811139106750488,0.03341221809387207,0.134507417678833
68,0.09088897705078125,0.03035902976989746,0.12391543388366699
68,0.08983087539672852,0.034569740295410156,0.12843942642211914
68,0.09435486793518066,0.032408952713012695,0.1301562786102295
68,0.08975982666015625,0.03307604789733887,0.12603473663330078
68,0.09251523017883301,0.0313413143157959,0.12727141380310059
68,0.0943448543548584,0.029857158660888672,0.12709546089172363
68,0.09232115745544434,0.028956174850463867,0.12418675422668457
68,0.08855962753295898,0.0328519344329834,0.12425494194030762
68,0.09143304824829102,0.032033443450927734,0.1262061595916748
68,0.09005331993103027,0.0324559211730957,0.12580370903015137
67,0.10589766502380371,0.032358407974243164,0.14200496673583984
67,0.08989787101745605,0.0280611515045166,0.12103700637817383
67,0.09879803657531738,0.03624463081359863,0.13956975936889648
66,0.0918736457824707,0.025402069091796875,0.11998438835144043
66,0.09195113182067871,0.02987360954284668,0.12409734725952148
65,0.09007716178894043,0.026528596878051758,0.11896896362304688
64,0.09628033638000488,0.034442901611328125,0.13368725776672363
63,0.09189510345458984,0.02898859977722168,0.12322020530700684
62,0.09225630760192871,0.028908252716064453,0.12517905235290527
61,0.09064412117004395,0.03024601936340332,0.12384796142578125
60,0.0915079116821289,0.03426313400268555,0.12807130813598633
59,0.08927202224731445,0.029123783111572266,0.12070465087890625
58,0.08919119834899902,0.02792525291442871,0.11977124214172363
57,0.0883321762084961,0.035929203033447266,0.12688207626342773
56,0.09428644180297852,0.030777931213378906,0.12804198265075684
55,0.08926057815551758,0.03204798698425293,0.12525129318237305
54,0.08918237686157227,0.034088134765625,0.12570786476135254
53,0.08950018882751465,0.02797532081604004,0.12087583541870117
52,0.08892583847045898,0.029471397399902344,0.12069344520568848
51,0.0899348258972168,0.029854297637939453,0.1222231388092041
50,0.08933734893798828,0.02852487564086914,0.1205604076385498
49,0.08817338943481445,0.03029465675354004,0.12043523788452148
48,0.09108614921569824,0.03313899040222168,0.12800025939941406
47,0.0910031795501709,0.029613256454467773,0.12368655204772949
46,0.09018850326538086,0.031270742416381836,0.12469148635864258
45,0.08814144134521484,0.02910590171813965,0.11929011344909668
44,0.09039425849914551,0.02802109718322754,0.12037301063537598
42,0.089508056640625,0.023370742797851562,0.11569404602050781
40,0.08816790580749512,0.023863792419433594,0.11470246315002441
38,0.08824491500854492,0.024207353591918945,0.11486291885375977
37,0.09190654754638672,0.02612590789794922,0.12024497985839844
37,0.08887910842895508,0.028057336807250977,0.11933040618896484
36,0.08865022659301758,0.024377822875976562,0.11520934104919434
35,0.08941960334777832,0.02355360984802246,0.11596059799194336
34,0.08857989311218262,0.022863149642944336,0.1148984432220459
33,0.09084296226501465,0.02075815200805664,0.11411786079406738
32,0.09212994575500488,0.020654916763305664,0.1152045726776123
31,0.09045243263244629,0.01952672004699707,0.11244511604309082
30,0.09317970275878906,0.023663759231567383,0.11941790580749512
29,0.09173464775085449,0.02287888526916504,0.119415283203125
29,0.09833979606628418,0.02078413963317871,0.12213611602783203
29,0.0892486572265625,0.02170729637145996,0.11417007446289062
29,0.09020376205444336,0.022157669067382812,0.11484932899475098
29,0.08877682685852051,0.016051769256591797,0.10712337493896484
28,0.09086394309997559,0.018955230712890625,0.11243104934692383
27,0.08983206748962402,0.01758122444152832,0.11007833480834961
26,0.09152913093566895,0.018099546432495117,0.11208343505859375
25,0.08905935287475586,0.017973661422729492,0.11022377014160156
24,0.0873570442199707,0.01785731315612793,0.10824179649353027
22,0.08963155746459961,0.017422914505004883,0.10987281799316406
20,0.08831596374511719,0.013161420822143555,0.10426068305969238
19,0.09050607681274414,0.018432140350341797,0.11146187782287598
19,0.0884850025177002,0.017537593841552734,0.10896444320678711
18,0.09111690521240234,0.019204139709472656,0.11296725273132324
16,0.09054684638977051,0.013284444808959961,0.10895490646362305
14,0.09642887115478516,0.010584115982055664,0.10980510711669922
12,0.09086036682128906,0.01499795913696289,0.10995101928710938
10,0.0895226001739502,0.008882284164428711,0.1014869213104248
8,0.08968782424926758,0.014403104782104492,0.10687923431396484
6,0.08867621421813965,0.01676344871520996,0.10831141471862793
4,0.08903789520263672,0.00954580307006836,0.10095047950744629
4,0.08970355987548828,0.013228893280029297,0.10529804229736328
3,0.09020209312438965,0.009446382522583008,0.10222387313842773
3,0.08977127075195312,0.013081073760986328,0.10608243942260742
3,0.09076309204101562,0.013587713241577148,0.10687756538391113
2,0.08823156356811523,0.008877754211425781,0.1005544662475586
1,0.09411096572875977,0.009041309356689453,0.10570716857910156
0,0.08875870704650879,0.008980751037597656,0.10021233558654785
-1,0.0877077579498291,0.008396625518798828,0.09836578369140625
-2,0.09860372543334961,0.009322643280029297,0.11062145233154297
-2,0.09398007392883301,0.014302492141723633,0.11212611198425293
-2,0.08796095848083496,0.012418031692504883,0.1027376651763916
-2,0.0889892578125,0.0140380859375,0.10567474365234375
-2,0.09530854225158691,0.01384878158569336,0.11167192459106445
-2,0.08901453018188477,0.013059854507446289,0.10436749458312988
-2,0.0887303352355957,0.013010740280151367,0.10422492027282715
-2,0.0897524356842041,0.012914657592773438,0.10476040840148926
-2,0.08796501159667969,0.012187957763671875,0.10237789154052734
-2,0.08955240249633789,0.013281583786010742,0.10526037216186523
-2,0.09182405471801758,0.012629985809326172,0.10670638084411621
-2,0.08941054344177246,0.013224124908447266,0.10530900955200195
-2,0.09050583839416504,0.01214909553527832,0.10499048233032227
-2,0.09677958488464355,0.013564348220825195,0.11336493492126465
-2,0.0877375602722168,0.012600421905517578,0.1031644344329834
-2,0.08844280242919922,0.015031814575195312,0.10667920112609863
-2,0.0910944938659668,0.012000799179077148,0.10585618019104004
-2,0.09071540832519531,0.013648271560668945,0.10657262802124023
-2,0.0886986255645752,0.016031980514526367,0.10932493209838867
-2,0.08740496635437012,0.017274141311645508,0.1067969799041748
-2,0.09716796875,0.01822972297668457,0.11766767501831055
-2,0.08887648582458496,0.01630997657775879,0.10819315910339355
-2,0.09054732322692871,0.01874232292175293,0.11337637901306152
-2,0.08908581733703613,0.01617574691772461,0.10825204849243164
-2,0.09125447273254395,0.018933773040771484,0.11270928382873535
-2,0.09006381034851074,0.015942096710205078,0.10846614837646484
-2,0.08917617797851562,0.017368316650390625,0.1087636947631836
-2,0.0870366096496582,0.01643085479736328,0.10559940338134766
-2,0.08878684043884277,0.01970219612121582,0.11045026779174805
-2,0.08709383010864258,0.021548032760620117,0.11169981956481934
-2,0.08997154235839844,0.02352118492126465,0.11551666259765625
-2,0.08911323547363281,0.0195925235748291,0.11185598373413086
-2,0.08788728713989258,0.023461341857910156,0.11391830444335938
-2,0.1016693115234375,0.024550914764404297,0.12926840782165527
-2,0.08989238739013672,0.019563913345336914,0.11175394058227539
-2,0.08942866325378418,0.020659446716308594,0.11260437965393066
-4,0.0908806324005127,0.01855611801147461,0.11269783973693848
-6,0.09927582740783691,0.01823711395263672,0.12130856513977051
-8,0.10334348678588867,0.01950836181640625,0.12670564651489258
-9,0.0914306640625,0.0218658447265625,0.11669325828552246
-11,0.09078383445739746,0.0189971923828125,0.11182165145874023
-13,0.08880448341369629,0.024359464645385742,0.11631321907043457
-14,0.10841631889343262,0.02754807472229004,0.14379262924194336
-15,0.09158968925476074,0.022186994552612305,0.11799073219299316
-16,0.09694576263427734,0.025130510330200195,0.12428879737854004
-18,0.09619593620300293,0.03633403778076172,0.13612866401672363
-20,0.10566473007202148,0.028682947158813477,0.13997387886047363
-22,0.11115574836730957,0.028500795364379883,0.14420843124389648
-24,0.11034035682678223,0.02020716667175293,0.1345202922821045
-25,0.09463787078857422,0.026798725128173828,0.12471175193786621
-27,0.09234070777893066,0.021665573120117188,0.11704134941101074
-28,0.11308646202087402,0.023775100708007812,0.14322400093078613
-29,0.09142303466796875,0.019393444061279297,0.11374998092651367
-30,0.10512995719909668,0.02305006980895996,0.13099145889282227
-31,0.08863329887390137,0.021121740341186523,0.11264991760253906
-32,0.10307765007019043,0.03461599349975586,0.14229106903076172
-35,0.09485816955566406,0.017179489135742188,0.12034797668457031
-37,0.08955192565917969,0.01581883430480957,0.10921669006347656
-38,0.08807730674743652,0.017543315887451172,0.10877633094787598
-38,0.08655714988708496,0.017099618911743164,0.10635042190551758
-38,0.09236478805541992,0.020301103591918945,0.11528587341308594
-39,0.09030699729919434,0.018447160720825195,0.1121208667755127
-38,0.08962154388427734,0.017588376998901367,0.11078071594238281
-38,0.08946013450622559,0.023819923400878906,0.11742043495178223
-37,0.08932089805603027,0.021553516387939453,0.11356496810913086
-36,0.0881037712097168,0.0233612060546875,0.11441159248352051
-35,0.08852744102478027,0.027233362197875977,0.11806249618530273
-35,0.09003305435180664,0.02456521987915039,0.11732268333435059
-35,0.08820104598999023,0.025159120559692383,0.11557364463806152
-35,0.08666276931762695,0.023816585540771484,0.11341142654418945
-34,0.08893394470214844,0.024135589599609375,0.1157839298248291
-34,0.08649349212646484,0.023685455322265625,0.11288285255432129
-33,0.0880742073059082,0.03176140785217285,0.12228965759277344
-33,0.09014344215393066,0.024723529815673828,0.11773514747619629
-33,0.09104061126708984,0.01771092414855957,0.11151313781738281
-32,0.10587620735168457,0.031079530715942383,0.13981246948242188
-31,0.10765957832336426,0.027034282684326172,0.1400918960571289
-30,0.09474968910217285,0.030823945999145508,0.129044771194458
-30,0.10585761070251465,0.032479047775268555,0.14173340797424316
-30,0.09582877159118652,0.027405977249145508,0.12809467315673828
-30,0.09868192672729492,0.031450748443603516,0.1340475082397461
-30,0.11385560035705566,0.03503274917602539,0.15337848663330078
-30,0.10004854202270508,0.026694297790527344,0.13055419921875
-31,0.1249992847442627,0.02939009666442871,0.15837478637695312
-32,0.09883642196655273,0.03333401679992676,0.13841009140014648
-34,0.10515213012695312,0.02956986427307129,0.14114785194396973
-36,0.1039590835571289,0.0313718318939209,0.14109182357788086
-38,0.1029970645904541,0.029418230056762695,0.13766241073608398
-40,0.09453678131103516,0.024137020111083984,0.12140679359436035
-43,0.09539532661437988,0.024138927459716797,0.12281084060668945
-46,0.10167741775512695,0.021254539489746094,0.12567901611328125
-49,0.09215998649597168,0.019018173217773438,0.11393070220947266
-52,0.09176397323608398,0.018401384353637695,0.1127159595489502
-53,0.08960294723510742,0.029690980911254883,0.12290334701538086
-55,0.09308838844299316,0.018158912658691406,0.11443471908569336
-57,0.09019708633422852,0.01671457290649414,0.11252999305725098
-60,0.09107136726379395,0.02353835105895996,0.11746859550476074
-62,0.08791136741638184,0.02455759048461914,0.1155555248260498
-64,0.09187650680541992,0.02603745460510254,0.12111759185791016
-66,0.0964975357055664,0.031656503677368164,0.13027453422546387
-68,0.08796381950378418,0.026021242141723633,0.11664581298828125
-70,0.09667372703552246,0.036145925521850586,0.13587403297424316
-72,0.08926081657409668,0.02137613296508789,0.11354589462280273
-74,0.0886073112487793,0.021929264068603516,0.11364197731018066
-76,0.09042501449584961,0.016913890838623047,0.10978555679321289
-78,0.08732485771179199,0.01675128936767578,0.10744333267211914
-80,0.09251594543457031,0.01711440086364746,0.11309123039245605
-82,0.08855152130126953,0.017431020736694336,0.10889625549316406
-84,0.0894472599029541,0.02140212059020996,0.11413717269897461
-85,0.09474396705627441,0.025463104248046875,0.12294960021972656
-87,0.10672521591186523,0.013517618179321289,0.1267411708831787
-88,0.08737945556640625,0.018169641494750977,0.10790848731994629
-88,0.08819341659545898,0.01824808120727539,0.10893821716308594
-88,0.08793473243713379,0.01938176155090332,0.1113893985748291
-87,0.08720684051513672,0.01618337631225586,0.10563874244689941
-86,0.08807206153869629,0.019925594329833984,0.1104423999786377
-86,0.08909177780151367,0.020982980728149414,0.11271238327026367
-86,0.08773279190063477,0.020200252532958984,0.1106574535369873
-86,0.09204602241516113,0.021589994430541992,0.11603498458862305
-86,0.08774638175964355,0.016790151596069336,0.10800862312316895
-86,0.08588719367980957,0.01622462272644043,0.1050264835357666
-86,0.08980679512023926,0.018480777740478516,0.11056303977966309
-87,0.0865480899810791,0.01300811767578125,0.10249781608581543
-88,0.09126663208007812,0.01661062240600586,0.11104798316955566
-89,0.08693361282348633,0.01184225082397461,0.10164189338684082
-90,0.08780789375305176,0.012367010116577148,0.10248684883117676
-91,0.08806467056274414,0.016460895538330078,0.1066584587097168
-92,0.09024906158447266,0.016641855239868164,0.10995054244995117
-93,0.08715605735778809,0.01772451400756836,0.10794210433959961
-94,0.08860278129577637,0.018172502517700195,0.10965633392333984
-95,0.08806848526000977,0.017961502075195312,0.10960960388183594
-96,0.08635282516479492,0.019182682037353516,0.10911083221435547
-97,0.09613156318664551,0.019919395446777344,0.11913800239562988
-98,0.09743666648864746,0.02254629135131836,0.12349987030029297
-99,0.09219002723693848,0.020473003387451172,0.11561846733093262
-100,0.09604573249816895,0.020876646041870117,0.12076497077941895
-101,0.09599757194519043,0.018173933029174805,0.11726880073547363
-102,0.09918546676635742,0.02221989631652832,0.12472963333129883
-103,0.08900237083435059,0.016796112060546875,0.10990738868713379
-104,0.08560681343078613,0.017438888549804688,0.10609078407287598
-105,0.08740925788879395,0.02108478546142578,0.11159682273864746
-106,0.08954286575317383,0.01794910430908203,0.11047792434692383
-107,0.09160423278808594,0.016724824905395508,0.11107015609741211
-108,0.08803105354309082,0.01862478256225586,0.10935091972351074
-108,0.08739471435546875,0.023941516876220703,0.11441445350646973
-108,0.08826446533203125,0.025911569595336914,0.11649584770202637
-108,0.0897226333618164,0.028064489364624023,0.12120413780212402
-108,0.08895111083984375,0.030467748641967773,0.12161135673522949
-108,0.09259033203125,0.03473520278930664,0.12941384315490723
-108,0.09244608879089355,0.02470088005065918,0.12256765365600586
-108,0.08789801597595215,0.024669170379638672,0.11521458625793457
-108,0.09095144271850586,0.025122642517089844,0.11855673789978027
-108,0.08882856369018555,0.02340245246887207,0.11566781997680664
-107,0.09616494178771973,0.012009382247924805,0.11016345024108887
-106,0.09399700164794922,0.028275728225708008,0.12541413307189941
-105,0.08723878860473633,0.027384519577026367,0.11652565002441406
-104,0.085723876953125,0.026964426040649414,0.11524271965026855
-103,0.09035325050354004,0.03444170951843262,0.12700510025024414
-102,0.08734488487243652,0.027280569076538086,0.11877584457397461
-101,0.11018943786621094,0.04402422904968262,0.15656685829162598
-100,0.11436605453491211,0.037637948989868164,0.1561145782470703
-99,0.1117258071899414,0.02825617790222168,0.14513087272644043
-98,0.0877077579498291,0.02786540985107422,0.11804604530334473
-97,0.08854818344116211,0.027619123458862305,0.1181941032409668
-96,0.08878684043884277,0.0303494930267334,0.12217116355895996
-95,0.09084439277648926,0.030976295471191406,0.12401485443115234
-94,0.0871419906616211,0.02733612060546875,0.11668705940246582
-93,0.08933234214782715,0.028082609176635742,0.11951398849487305
-92,0.08820176124572754,0.02760767936706543,0.11818981170654297
-91,0.08931231498718262,0.031124353408813477,0.12288951873779297
-90,0.08790898323059082,0.030852079391479492,0.12105154991149902
-89,0.0870966911315918,0.031558990478515625,0.12136340141296387
-88,0.08753561973571777,0.03208494186401367,0.1218874454498291
-87,0.0890359878540039,0.03102898597717285,0.1225900650024414
-86,0.08662986755371094,0.034818410873413086,0.12413787841796875
-85,0.0879979133605957,0.031021595001220703,0.12208795547485352
-84,0.08738970756530762,0.031714677810668945,0.12169241905212402
-83,0.08959293365478516,0.034037113189697266,0.12650513648986816
-82,0.08798956871032715,0.03782176971435547,0.1283738613128662
-81,0.0898735523223877,0.04164552688598633,0.13417458534240723
-80,0.0908350944519043,0.03956770896911621,0.13248157501220703
-79,0.09059596061706543,0.03881645202636719,0.13153314590454102
-78,0.09190893173217773,0.0420379638671875,0.1365947723388672
-77,0.09197783470153809,0.04163312911987305,0.1359391212463379
-76,0.0900106430053711,0.03867959976196289,0.13129353523254395
-75,0.08883094787597656,0.03863859176635742,0.12980055809020996
-74,0.0892493724822998,0.039055824279785156,0.13031291961669922
-73,0.08800911903381348,0.03782820701599121,0.12797164916992188
-72,0.08809232711791992,0.03879404067993164,0.12895536422729492
-71,0.0901646614074707,0.04298710823059082,0.13571429252624512
-70,0.0896759033203125,0.04065346717834473,0.1331937313079834
-69,0.08849406242370605,0.04173636436462402,0.13565540313720703
-68,0.08890843391418457,0.04205179214477539,0.1335916519165039
-67,0.08872532844543457,0.03939223289489746,0.13079309463500977
-67,0.0954902172088623,0.039021968841552734,0.13656234741210938
-66,0.08919262886047363,0.04290771484375,0.13486886024475098
-66,0.09011340141296387,0.041910648345947266,0.135206937789917
-65,0.0909121036529541,0.04286074638366699,0.13666582107543945
-65,0.08981680870056152,0.042023420333862305,0.13411164283752441
-65,0.0896463394165039,0.03988814353942871,0.13180994987487793
-65,0.08901715278625488,0.038573503494262695,0.13067245483398438
-65,0.08778715133666992,0.0390472412109375,0.1298685073852539
-65,0.0889439582824707,0.03464984893798828,0.1261296272277832
-65,0.0921485424041748,0.03655195236206055,0.13201022148132324
-66,0.09084320068359375,0.03765511512756348,0.1311037540435791
-67,0.09141778945922852,0.037962913513183594,0.1320328712463379
-68,0.09112310409545898,0.035286664962768555,0.12964534759521484
-69,0.08908915519714355,0.03494906425476074,0.12622761726379395
-70,0.08955955505371094,0.03676104545593262,0.1292104721069336
-71,0.09138679504394531,0.03506588935852051,0.12883210182189941
-72,0.09005379676818848,0.03143954277038574,0.12458491325378418
-73,0.09096527099609375,0.0373077392578125,0.13068771362304688
-74,0.0918114185333252,0.03761911392211914,0.13262104988098145
-75,0.09857606887817383,0.02982926368713379,0.13316941261291504
-76,0.0900266170501709,0.027845144271850586,0.12254571914672852
-77,0.09043049812316895,0.028941631317138672,0.12211966514587402
-79,0.09002947807312012,0.03439903259277344,0.12731599807739258
-80,0.08904695510864258,0.027849674224853516,0.11931824684143066
-80,0.08871197700500488,0.027715444564819336,0.11900877952575684
-80,0.09076285362243652,0.029821157455444336,0.1232151985168457
-80,0.10764956474304199,0.040962934494018555,0.15240907669067383
-80,0.10352945327758789,0.043639421463012695,0.14997363090515137
-79,0.09476923942565918,0.032601356506347656,0.13043642044067383
-78,0.0878450870513916,0.03307533264160156,0.12353134155273438
-77,0.09231185913085938,0.0333254337310791,0.12937068939208984
-76,0.0874481201171875,0.03211021423339844,0.12196707725524902
-75,0.09035038948059082,0.030857324600219727,0.12353324890136719
-74,0.08673310279846191,0.030939579010009766,0.12042760848999023
-73,0.09198975563049316,0.031171798706054688,0.12580204010009766
-72,0.08907437324523926,0.031740427017211914,0.12352728843688965
-71,0.08677291870117188,0.03088974952697754,0.11979794502258301
-70,0.08749985694885254,0.030381441116333008,0.120269775390625
-69,0.088104248046875,0.030910015106201172,0.1222388744354248
-68,0.08875298500061035,0.035901546478271484,0.12694811820983887
-68,0.08837509155273438,0.030421733856201172,0.12122225761413574
-68,0.0873250961303711,0.03466200828552246,0.12467050552368164
-68,0.08866190910339355,0.027097463607788086,0.11902618408203125
-68,0.08768415451049805,0.02853250503540039,0.11883211135864258
-68,0.0871891975402832,0.027160167694091797,0.11711478233337402
-68,0.0883030891418457,0.03103041648864746,0.12217402458190918
-68,0.09031414985656738,0.031538963317871094,0.12482929229736328
-68,0.08834290504455566,0.027827739715576172,0.11900448799133301
-68,0.08646178245544434,0.027414321899414062,0.11669540405273438
-68,0.08699893951416016,0.03215980529785156,0.12152934074401855
-68,0.08855772018432617,0.027883291244506836,0.11889958381652832
-68,0.08827066421508789,0.02746725082397461,0.11856985092163086
-68,0.08718657493591309,0.02728104591369629,0.11690878868103027
-68,0.08696269989013672,0.030875682830810547,0.12070846557617188
-67,0.08778667449951172,0.031790971755981445,0.12205958366394043
-66,0.08858251571655273,0.03173685073852539,0.12250876426696777
-66,0.08713984489440918,0.027640104293823242,0.11723995208740234
-65,0.08806180953979492,0.035753488540649414,0.12662005424499512
-65,0.08834648132324219,0.02692866325378418,0.11737799644470215
-64,0.09787821769714355,0.033792972564697266,0.13426852226257324
-63,0.0887303352355957,0.031192779541015625,0.12211322784423828
-62,0.08761072158813477,0.03474783897399902,0.12441611289978027
-61,0.0882256031036377,0.03375530242919922,0.12430214881896973
-60,0.0884389877319336,0.034065961837768555,0.12535381317138672
-59,0.08938169479370117,0.03178811073303223,0.12346863746643066
-59,0.08915138244628906,0.03224992752075195,0.1244511604309082
-59,0.08968162536621094,0.031948089599609375,0.12434816360473633
-59,0.08866286277770996,0.03927183151245117,0.13044190406799316
-59,0.08981823921203613,0.03235197067260742,0.1253643035888672
-59,0.08852314949035645,0.03201937675476074,0.12295317649841309
-59,0.08874225616455078,0.0320134162902832,0.12369585037231445
-59,0.09160137176513672,0.03291964530944824,0.12691473960876465
-59,0.09298038482666016,0.034999847412109375,0.13069653511047363
-59,0.09134697914123535,0.030958890914916992,0.12641477584838867
-59,0.08779096603393555,0.03258514404296875,0.12271714210510254
-59,0.08927679061889648,0.032906532287597656,0.12527871131896973
-59,0.08894562721252441,0.030891895294189453,0.12248039245605469
-59,0.09029054641723633,0.030761241912841797,0.12365388870239258
-59,0.08932018280029297,0.03552365303039551,0.1279897689819336
-59,0.08828210830688477,0.031336307525634766,0.12324237823486328
-59,0.08977937698364258,0.039594173431396484,0.1314373016357422
-59,0.08900713920593262,0.03719305992126465,0.1286633014678955
-59,0.0902719497680664,0.03631591796875,0.13011550903320312
-59,0.08999776840209961,0.03614044189453125,0.12935185432434082
-59,0.10838866233825684,0.05019211769104004,0.16190624237060547
-59,0.09111928939819336,0.03985476493835449,0.13347387313842773
-59,0.09874892234802246,0.04305434226989746,0.14566922187805176
-59,0.13460850715637207,0.055536746978759766,0.1937103271484375
-59,0.10179805755615234,0.03988146781921387,0.14617490768432617
-59,0.09295773506164551,0.04136466979980469,0.13801097869873047
-59,0.12618660926818848,0.042798757553100586,0.1733851432800293
-59,0.1169290542602539,0.07144856452941895,0.1923515796661377
-59,0.11209917068481445,0.04179549217224121,0.16225862503051758
-59,0.09395575523376465,0.040062904357910156,0.13687634468078613
-59,0.09227228164672852,0.04135727882385254,0.13655304908752441
-59,0.09016060829162598,0.03957319259643555,0.13273000717163086
-59,0.09457516670227051,0.047350406646728516,0.14442205429077148
-59,0.09935307502746582,0.03908181190490723,0.14230799674987793
-58,0.09563899040222168,0.041500091552734375,0.141005277633667
-57,0.09214258193969727,0.03882956504821777,0.13369297981262207
-57,0.09651589393615723,0.03697323799133301,0.13638567924499512
-56,0.09244179725646973,0.038803815841674805,0.1342167854309082
-55,0.09232521057128906,0.03969240188598633,0.13584184646606445
-55,0.10169386863708496,0.035079002380371094,0.1397407054901123
-55,0.09125232696533203,0.03536081314086914,0.1290910243988037
-55,0.0953671932220459,0.03842949867248535,0.1366579532623291
-55,0.09379076957702637,0.03732919692993164,0.1334371566772461
-55,0.09257078170776367,0.036760807037353516,0.1318373680114746
-55,0.0926206111907959,0.0365605354309082,0.13178515434265137
-54,0.09370541572570801,0.0390934944152832,0.13579440116882324
-53,0.09158468246459961,0.03674721717834473,0.1309366226196289
-53,0.09192776679992676,0.03630971908569336,0.13189935684204102
-53,0.09329628944396973,0.040128469467163086,0.13602447509765625
-53,0.09119462966918945,0.03579831123352051,0.1298363208770752
-53,0.09143590927124023,0.03854107856750488,0.1332848072052002
-53,0.09105610847473145,0.03521394729614258,0.1290147304534912
-53,0.0908970832824707,0.03638768196105957,0.13118672370910645
-52,0.09331440925598145,0.037980079650878906,0.13408160209655762
-52,0.09564852714538574,0.03668642044067383,0.13552069664001465
-52,0.10537314414978027,0.04345202445983887,0.1519007682800293
-52,0.09189462661743164,0.03656649589538574,0.131683349609375
-51,0.09365177154541016,0.03678774833679199,0.13340401649475098
-51,0.09196949005126953,0.0320284366607666,0.1270458698272705
-51,0.10105276107788086,0.03160452842712402,0.13505983352661133
-52,0.09229421615600586,0.02783036231994629,0.12271833419799805
-53,0.09215211868286133,0.029666662216186523,0.12599778175354004
-54,0.09332013130187988,0.02823328971862793,0.12586212158203125
-55,0.09225010871887207,0.027204513549804688,0.12205886840820312
-56,0.09317159652709961,0.02726268768310547,0.12372136116027832
-57,0.09589767456054688,0.029089689254760742,0.12789416313171387
-58,0.09338927268981934,0.02891683578491211,0.12690329551696777
-58,0.09178471565246582,0.030367136001586914,0.1245732307434082
-59,0.09582138061523438,0.03026437759399414,0.1283893585205078
-60,0.0910334587097168,0.027136802673339844,0.1216423511505127
-61,0.0919036865234375,0.030887365341186523,0.12715744972229004
-61,0.09336352348327637,0.029834747314453125,0.12686657905578613
-61,0.09493851661682129,0.034651756286621094,0.13273882865905762
-62,0.09324812889099121,0.027339458465576172,0.12738513946533203
-62,0.09257817268371582,0.03092503547668457,0.1262671947479248
-62,0.09120821952819824,0.032243967056274414,0.1262516975402832
-62,0.09363532066345215,0.029111862182617188,0.12554121017456055
-62,0.08928465843200684,0.02566981315612793,0.11742568016052246
-62,0.09292793273925781,0.028955936431884766,0.12439084053039551
-62,0.09150815010070801,0.02738475799560547,0.12160992622375488
-62,0.09217286109924316,0.03040599822998047,0.12498164176940918
-62,0.08885693550109863,0.028855323791503906,0.12014412879943848
-62,0.08918142318725586,0.02849888801574707,0.11972379684448242
-62,0.0884864330291748,0.027858972549438477,0.11846446990966797
-62,0.0905296802520752,0.027236461639404297,0.11988449096679688
-62,0.09067511558532715,0.027855396270751953,0.12107300758361816
-62,0.0964820384979248,0.03072643280029297,0.12952423095703125
-62,0.09280753135681152,0.033200979232788086,0.1292121410369873
-62,0.10460710525512695,0.0279996395111084,0.13570499420166016
-62,0.09630656242370605,0.02047419548034668,0.11964750289916992
-62,0.08707499504089355,0.0159759521484375,0.10570812225341797
-62,0.0878748893737793,0.016535043716430664,0.10676383972167969
-62,0.09092831611633301,0.021726369857788086,0.1149134635925293
-63,0.08741641044616699,0.017886638641357422,0.10736489295959473
-64,0.08898019790649414,0.019208431243896484,0.1109163761138916
-64,0.10452747344970703,0.03067755699157715,0.13727831840515137
-64,0.09355664253234863,0.022749900817871094,0.12065243721008301
-64,0.08783507347106934,0.022530317306518555,0.11280202865600586
-64,0.09390759468078613,0.023407936096191406,0.12026834487915039
-65,0.0893704891204834,0.017778635025024414,0.10980463027954102
-65,0.08808660507202148,0.026044368743896484,0.11638116836547852
-65,0.08810257911682129,0.021853923797607422,0.11228823661804199
-64,0.08809208869934082,0.02177882194519043,0.11262917518615723
-64,0.08964681625366211,0.018184185028076172,0.11009812355041504
-65,0.0879054069519043,0.019131183624267578,0.10997772216796875
-66,0.0915384292602539,0.018563508987426758,0.1127920150756836
-67,0.08842802047729492,0.020223379135131836,0.11193442344665527
-68,0.08870291709899902,0.01952362060546875,0.11144232749938965
-68,0.08798050880432129,0.023058176040649414,0.11460447311401367
-69,0.08976626396179199,0.01826953887939453,0.11123371124267578
-70,0.08991813659667969,0.02028059959411621,0.11407256126403809
-71,0.08654594421386719,0.01790308952331543,0.10756683349609375
-72,0.08781099319458008,0.019018173217773438,0.11047220230102539
-73,0.09078097343444824,0.017784833908081055,0.11154365539550781
-74,0.08896589279174805,0.017719745635986328,0.1098935604095459
-75,0.08781743049621582,0.01725292205810547,0.1085512638092041
-76,0.08861184120178223,0.01694178581237793,0.1082913875579834
-77,0.08762216567993164,0.016302108764648438,0.10744357109069824
-78,0.08796048164367676,0.0171511173248291,0.10778284072875977
-79,0.08927249908447266,0.018224716186523438,0.11009812355041504
-80,0.0872185230255127,0.01759648323059082,0.10773324966430664
-81,0.08658385276794434,0.016965866088867188,0.10654687881469727
-82,0.09593963623046875,0.017730236053466797,0.1173405647277832
-83,0.08851242065429688,0.019139528274536133,0.11045098304748535
-84,0.08930516242980957,0.017659902572631836,0.10972714424133301
-85,0.08905959129333496,0.016831636428833008,0.10878181457519531
-86,0.08858180046081543,0.02300882339477539,0.11484837532043457
-87,0.08967447280883789,0.013734579086303711,0.10606122016906738
-88,0.09027838706970215,0.014073371887207031,0.10759186744689941
-89,0.08786129951477051,0.01365351676940918,0.10512828826904297
-90,0.08785367012023926,0.013735055923461914,0.10511898994445801
-91,0.09813261032104492,0.015137434005737305,0.11612749099731445
-92,0.08996367454528809,0.012719154357910156,0.11054039001464844
-93,0.08581995964050293,0.014792203903198242,0.10476112365722656
-94,0.08785057067871094,0.01283121109008789,0.10388731956481934
-95,0.08911967277526855,0.012134552001953125,0.10436153411865234
-96,0.08800697326660156,0.014426946640014648,0.1054391860961914
-97,0.08712935447692871,0.016681909561157227,0.10724854469299316
-98,0.08717560768127441,0.0178985595703125,0.1078333854675293
-99,0.08860135078430176,0.017559051513671875,0.10864973068237305
-100,0.08836245536804199,0.017464399337768555,0.10789775848388672
-101,0.08837127685546875,0.023906230926513672,0.1151740550994873
-101,0.08848905563354492,0.02981257438659668,0.12091803550720215
-101,0.08936834335327148,0.0265352725982666,0.11918497085571289
-101,0.09861040115356445,0.0446619987487793,0.14580011367797852
-100,0.08786249160766602,0.0339205265045166,0.12652349472045898
-100,0.08766984939575195,0.0257413387298584,0.11620616912841797
-101,0.09642839431762695,0.02948451042175293,0.12918376922607422
-101,0.08735775947570801,0.025403499603271484,0.1158757209777832
-101,0.08646845817565918,0.02760910987854004,0.11682558059692383
-101,0.0877993106842041,0.025394916534423828,0.11583113670349121
-101,0.0884392261505127,0.025315046310424805,0.11682677268981934
-101,0.0892336368560791,0.028087139129638672,0.12139391899108887
-101,0.10995125770568848,0.03443121910095215,0.1482555866241455
-101,0.10223507881164551,0.02794194221496582,0.13370060920715332
-101,0.09265375137329102,0.01740574836730957,0.11248373985290527
-101,0.08756232261657715,0.01807713508605957,0.10819172859191895
-101,0.08924078941345215,0.02253413200378418,0.1144249439239502
-101,0.08885669708251953,0.022237777709960938,0.11373114585876465
-101,0.08754181861877441,0.02516651153564453,0.11600017547607422
-101,0.08792972564697266,0.02411365509033203,0.11443257331848145
-101,0.08772730827331543,0.02129650115966797,0.1115102767944336
-101,0.08794569969177246,0.02134537696838379,0.11151313781738281
-101,0.08611392974853516,0.021394729614257812,0.10996270179748535
-100,0.08727526664733887,0.02550959587097168,0.11542439460754395
-99,0.08853673934936523,0.026762008666992188,0.1184854507446289
-98,0.0853726863861084,0.025325536727905273,0.11314845085144043
-97,0.08612442016601562,0.025995969772338867,0.11478900909423828
-97,0.0889127254486084,0.02121734619140625,0.112457275390625
-97,0.09543156623840332,0.02186274528503418,0.12018156051635742
-96,0.08722376823425293,0.026482820510864258,0.1161353588104248
-95,0.08669281005859375,0.02533555030822754,0.11408829689025879
-94,0.08913969993591309,0.0319666862487793,0.12366628646850586
-93,0.08840203285217285,0.02966475486755371,0.1206965446472168
-93,0.09000611305236816,0.026723623275756836,0.11864423751831055
-92,0.08838605880737305,0.029896020889282227,0.12042951583862305
-91,0.08924698829650879,0.030881881713867188,0.1222846508026123
-90,0.08742666244506836,0.029359817504882812,0.11963057518005371
-89,0.08691716194152832,0.030104637145996094,0.11913347244262695
-88,0.08839178085327148,0.028943538665771484,0.1209568977355957
-87,0.08944320678710938,0.029355287551879883,0.12107467651367188
-86,0.08751678466796875,0.02901482582092285,0.11894869804382324
-86,0.08846044540405273,0.02482461929321289,0.11548447608947754
-86,0.08841967582702637,0.02283763885498047,0.11409187316894531
-86,0.09624671936035156,0.022678375244140625,0.12216353416442871
-85,0.08842587471008301,0.02560114860534668,0.1165773868560791
-84,0.08946657180786133,0.02614116668701172,0.11772990226745605
-83,0.08872628211975098,0.02687215805053711,0.1177520751953125
-82,0.09115219116210938,0.025812387466430664,0.11928462982177734
-82,0.09981870651245117,0.027281522750854492,0.1291654109954834
-82,0.09646964073181152,0.025757789611816406,0.12458586692810059
-82,0.10824775695800781,0.024338483810424805,0.13593602180480957
-82,0.08777785301208496,0.023713111877441406,0.11415839195251465
-82,0.09404516220092773,0.028555631637573242,0.1253964900970459
-82,0.08946084976196289,0.021123647689819336,0.11437034606933594
-82,0.08710718154907227,0.022149324417114258,0.11148810386657715
-82,0.0885322093963623,0.022737503051757812,0.11350250244140625
-82,0.08904719352722168,0.022829055786132812,0.11427736282348633
-82,0.0901179313659668,0.017434358596801758,0.10951590538024902
-82,0.08864927291870117,0.018265485763549805,0.1092836856842041
-82,0.09131073951721191,0.017965316772460938,0.11158418655395508
-82,0.09052872657775879,0.01823592185974121,0.1114497184753418
-82,0.08893513679504395,0.018717527389526367,0.1102902889251709
-82,0.08964157104492188,0.024418354034423828,0.11611008644104004
-82,0.09375691413879395,0.029001474380493164,0.1260695457458496
-82,0.0896139144897461,0.02244257926940918,0.11530685424804688
-82,0.0891106128692627,0.027579069137573242,0.11940503120422363
-82,0.09793972969055176,0.03736400604248047,0.13758540153503418
-82,0.09401965141296387,0.026612520217895508,0.12452363967895508
-82,0.09042119979858398,0.027057409286499023,0.11962604522705078
-82,0.08942246437072754,0.0270233154296875,0.11877894401550293
-81,0.08852386474609375,0.030622482299804688,0.12179112434387207
-82,0.09096264839172363,0.022739171981811523,0.1163637638092041
-83,0.08982348442077637,0.022031307220458984,0.11471676826477051
-84,0.0917506217956543,0.02284526824951172,0.11698651313781738
-85,0.08905720710754395,0.02437615394592285,0.11780881881713867
-86,0.08930468559265137,0.02562093734741211,0.11761713027954102
-86,0.0885159969329834,0.02661728858947754,0.11795163154602051
-87,0.08876347541809082,0.024998188018798828,0.11595845222473145
-89,0.08903360366821289,0.02252340316772461,0.11473774909973145
-91,0.08894562721252441,0.02845311164855957,0.12108397483825684
-93,0.08902215957641602,0.02303791046142578,0.11486577987670898
-95,0.09148049354553223,0.029109716415405273,0.12360000610351562
-95,0.10271549224853516,0.0046253204345703125,0.10982871055603027
-95,0.08930087089538574,0.030416488647460938,0.12249588966369629
-95,0.08909320831298828,0.03079509735107422,0.1224822998046875
-95,0.08903646469116211,0.030533552169799805,0.12244915962219238
-95,0.08843684196472168,0.030170202255249023,0.12106490135192871
-95,0.08858442306518555,0.04302668571472168,0.13374972343444824
-95,0.08979368209838867,0.04243922233581543,0.13507080078125
-95,0.08985686302185059,0.04554867744445801,0.13769793510437012
-95,0.08887386322021484,0.04102444648742676,0.13206815719604492
-95,0.09219789505004883,0.046857595443725586,0.14143085479736328
-95,0.08947038650512695,0.04228472709655762,0.13474464416503906
-96,0.08897781372070312,0.04174661636352539,0.13268756866455078
-97,0.0889432430267334,0.050911664962768555,0.14235854148864746
-98,0.08995270729064941,0.041555166244506836,0.13419795036315918
-99,0.08916735649108887,0.035552263259887695,0.1270744800567627
-100,0.08948874473571777,0.038015127182006836,0.13123464584350586
-101,0.1005852222442627,0.047745466232299805,0.1515035629272461
-102,0.08890104293823242,0.033804893493652344,0.12497925758361816
-103,0.08910584449768066,0.04021883010864258,0.1323838233947754
-104,0.08957529067993164,0.03882241249084473,0.1315305233001709
-105,0.08897614479064941,0.0389246940612793,0.13080739974975586
-106,0.09007811546325684,0.038016557693481445,0.1307976245880127
-107,0.09049439430236816,0.03741097450256348,0.1306300163269043
-108,0.08947634696960449,0.043939828872680664,0.13580036163330078
-109,0.09104347229003906,0.038126230239868164,0.13245773315429688
-109,0.09169936180114746,0.04661250114440918,0.14077472686767578
-109,0.09504103660583496,0.0472111701965332,0.1456451416015625
-109,0.08907675743103027,0.04146528244018555,0.13258671760559082
-110,0.08877253532409668,0.03899335861206055,0.12978172302246094
-111,0.09044647216796875,0.04066109657287598,0.13421320915222168
-111,0.0931863784790039,0.0496363639831543,0.14586186408996582
-112,0.08879899978637695,0.035353660583496094,0.12708091735839844
-112,0.08965659141540527,0.039594173431396484,0.1319718360900879
-112,0.08898401260375977,0.03857254981994629,0.13125824928283691
-112,0.08967256546020508,0.03860926628112793,0.1304161548614502
-112,0.09007740020751953,0.03831315040588379,0.13061046600341797
-112,0.0899648666381836,0.04229235649108887,0.13436555862426758
-112,0.08966636657714844,0.04841876029968262,0.1413109302520752
-112,0.08899974822998047,0.03735518455505371,0.12929773330688477
-112,0.08736705780029297,0.03866410255432129,0.1287829875946045
-112,0.08738088607788086,0.038034915924072266,0.12790203094482422
-112,0.09239816665649414,0.03764081001281738,0.13216018676757812
-112,0.08749508857727051,0.03807997703552246,0.12753915786743164
-112,0.08872318267822266,0.04416632652282715,0.13513493537902832
-112,0.0899198055267334,0.04148721694946289,0.1335132122039795
-112,0.09200739860534668,0.049845218658447266,0.14410853385925293
-112,0.09322857856750488,0.04738330841064453,0.14301824569702148
-112,0.08959150314331055,0.047028541564941406,0.13923907279968262
-112,0.08981776237487793,0.04769444465637207,0.14017391204833984
-113,0.08893918991088867,0.042975664138793945,0.1341996192932129
-115,0.08913087844848633,0.0411684513092041,0.13274741172790527
-117,0.09723138809204102,0.044132232666015625,0.14379000663757324
-119,0.08962869644165039,0.0401616096496582,0.13213825225830078
-120,0.09142494201660156,0.044574737548828125,0.13828277587890625
-122,0.08931207656860352,0.03910994529724121,0.1306467056274414
-124,0.0924990177154541,0.04016542434692383,0.13517236709594727
-125,0.09149169921875,0.047258615493774414,0.14100956916809082
-127,0.09130120277404785,0.03949475288391113,0.1328439712524414
-128,0.09790992736816406,0.04854464530944824,0.1488325595855713
-130,0.0916905403137207,0.03902411460876465,0.13410520553588867
-132,0.09016275405883789,0.039664268493652344,0.1327497959136963
-133,0.09181070327758789,0.04674720764160156,0.14115524291992188
-134,0.09038376808166504,0.0439450740814209,0.13651490211486816
-135,0.09072589874267578,0.042611122131347656,0.13585615158081055
-136,0.09040069580078125,0.04437589645385742,0.13710737228393555
-138,0.09728860855102539,0.04638814926147461,0.14604711532592773
-140,0.09055781364440918,0.04302096366882324,0.13561224937438965
-142,0.08932948112487793,0.043169260025024414,0.13443279266357422
-144,0.09300780296325684,0.04208993911743164,0.13716435432434082
-146,0.09105777740478516,0.043378591537475586,0.13678574562072754
-148,0.09855008125305176,0.052045583724975586,0.15278911590576172
-150,0.09218621253967285,0.04733133316040039,0.1417560577392578
-152,0.09563469886779785,0.04757857322692871,0.1452939510345459
-154,0.0933830738067627,0.05218219757080078,0.14801502227783203
-156,0.09418177604675293,0.04733157157897949,0.1448678970336914
-158,0.09244894981384277,0.05080771446228027,0.14533162117004395
-160,0.09197425842285156,0.04711747169494629,0.14127898216247559
-162,0.09368777275085449,0.05234527587890625,0.14864826202392578
-164,0.09215807914733887,0.05336475372314453,0.14830493927001953
-166,0.09408092498779297,0.055497169494628906,0.15291452407836914
-168,0.09275102615356445,0.050951480865478516,0.1459331512451172
-170,0.09667253494262695,0.05413985252380371,0.1533184051513672
-172,0.09494423866271973,0.054411888122558594,0.1522059440612793
-174,0.09339213371276855,0.05469322204589844,0.15038132667541504
-176,0.09659051895141602,0.054483890533447266,0.15360140800476074
-178,0.09887933731079102,0.05645489692687988,0.15790104866027832
-180,0.09176969528198242,0.058054447174072266,0.15177154541015625
-182,0.0937955379486084,0.059998273849487305,0.15804600715637207
-184,0.09442758560180664,0.05868077278137207,0.15536761283874512
-187,0.09340023994445801,0.05530595779418945,0.1508646011352539
-190,0.09263134002685547,0.05478382110595703,0.15066957473754883
-193,0.09311032295227051,0.05280017852783203,0.14832615852355957
-196,0.0926821231842041,0.04930853843688965,0.14470314979553223
-199,0.0922248363494873,0.0466609001159668,0.14139151573181152
-202,0.09192347526550293,0.04884028434753418,0.14323782920837402
-205,0.0931859016418457,0.04793405532836914,0.14369511604309082
-208,0.09399008750915527,0.04907798767089844,0.14639592170715332
-211,0.09280610084533691,0.047774553298950195,0.14265894889831543
-213,0.09647560119628906,0.05096626281738281,0.149949312210083
-215,0.09273242950439453,0.057929277420043945,0.15302610397338867
-217,0.09278607368469238,0.06290054321289062,0.1591329574584961
-219,0.09343552589416504,0.0518651008605957,0.14877605438232422
-221,0.0926976203918457,0.048578739166259766,0.14327430725097656
-223,0.09202194213867188,0.04813408851623535,0.14241409301757812
-225,0.09501004219055176,0.05076742172241211,0.14859938621520996
-227,0.09286117553710938,0.04772377014160156,0.14296531677246094
-229,0.09284114837646484,0.04704880714416504,0.142014741897583
-231,0.09255480766296387,0.04935407638549805,0.14399051666259766
-233,0.09774351119995117,0.04744863510131836,0.14719772338867188
-235,0.09115839004516602,0.04511737823486328,0.13895082473754883
-237,0.09228301048278809,0.04365348815917969,0.13827967643737793
-239,0.09509897232055664,0.05214428901672363,0.14940690994262695
-241,0.09111666679382324,0.04353070259094238,0.13690805435180664
-243,0.09026479721069336,0.04582381248474121,0.13840532302856445
-244,0.0943903923034668,0.047359466552734375,0.14517807960510254
-245,0.09238076210021973,0.05193066596984863,0.14744043350219727
-246,0.09329986572265625,0.05579233169555664,0.15224838256835938
-247,0.09062576293945312,0.05405402183532715,0.1470048427581787
-248,0.09324860572814941,0.05185222625732422,0.14814138412475586
-249,0.09111189842224121,0.05457925796508789,0.1479196548461914
-250,0.09252667427062988,0.05176281929016113,0.1462724208831787
-251,0.09193778038024902,0.057447195053100586,0.15236115455627441
-252,0.09301972389221191,0.05623292922973633,0.15174508094787598
-253,0.09057259559631348,0.057633399963378906,0.15087223052978516
-254,0.09477066993713379,0.061844587326049805,0.15875697135925293
-255,0.09839177131652832,0.0867609977722168,0.1883997917175293
-256,0.09412169456481934,0.06115388870239258,0.15876245498657227
-257,0.09746193885803223,0.08357381820678711,0.18389678001403809
-258,0.09070682525634766,0.05734586715698242,0.15018033981323242
-260,0.09304380416870117,0.052497148513793945,0.14857840538024902
-262,0.09210419654846191,0.055619001388549805,0.14993906021118164
-264,0.09219074249267578,0.05258464813232422,0.14689397811889648
-266,0.09194517135620117,0.052408456802368164,0.14656829833984375
-267,0.10197067260742188,0.07804989814758301,0.183060884475708
-269,0.09374094009399414,0.058167219161987305,0.15443062782287598
-270,0.09292197227478027,0.060224294662475586,0.1559467315673828
-271,0.10532331466674805,0.06594038009643555,0.1747424602508545
-272,0.09058642387390137,0.05679583549499512,0.14952898025512695
-273,0.0953969955444336,0.05894207954406738,0.15703606605529785
-274,0.09545135498046875,0.06714105606079102,0.1656646728515625
-275,0.09109330177307129,0.0555422306060791,0.14931368827819824
-276,0.0915987491607666,0.06093549728393555,0.15465283393859863
-277,0.10894656181335449,0.0976572036743164,0.20949149131774902
-278,0.10798883438110352,0.09450054168701172,0.20573663711547852
-279,0.10158443450927734,0.11007213592529297,0.21629571914672852
-280,0.10787463188171387,0.0849461555480957,0.20241141319274902
-281,0.10016226768493652,0.09621095657348633,0.20172595977783203
-282,0.10877299308776855,0.08153581619262695,0.1937720775604248
-283,0.09507894515991211,0.057347774505615234,0.15502023696899414
-284,0.09440064430236816,0.06417965888977051,0.16351556777954102
-285,0.09372925758361816,0.054444313049316406,0.15188097953796387
-286,0.0922555923461914,0.05422782897949219,0.14888215065002441
-287,0.09327316284179688,0.06615924835205078,0.16257619857788086
-288,0.09185266494750977,0.05436587333679199,0.1482086181640625
-289,0.09126567840576172,0.04949951171875,0.14290428161621094
-289,0.09125971794128418,0.05394935607910156,0.14750909805297852
-289,0.09862661361694336,0.04647564888000488,0.15217328071594238
-289,0.0906991958618164,0.04629349708557129,0.13958525657653809
-289,0.08997321128845215,0.046329498291015625,0.1382908821105957
-289,0.09121942520141602,0.04969477653503418,0.14395904541015625
-289,0.09085536003112793,0.047165632247924805,0.14070844650268555
-289,0.09742212295532227,0.06001853942871094,0.16101789474487305
-289,0.0953829288482666,0.051949501037597656,0.15203309059143066
-289,0.09505605697631836,0.051194190979003906,0.1500098705291748
-289,0.09290456771850586,0.05096840858459473,0.14590072631835938
-290,0.09306025505065918,0.047429561614990234,0.14328670501708984
-291,0.09106087684631348,0.043697357177734375,0.1382431983947754
-291,0.0905311107635498,0.04737448692321777,0.14097833633422852
-292,0.09700536727905273,0.06878781318664551,0.167755126953125
-293,0.12334513664245605,0.06420493125915527,0.19930815696716309
-294,0.10809779167175293,0.061368703842163086,0.17339730262756348
-294,0.09679388999938965,0.06020164489746094,0.15952825546264648
-295,0.09491682052612305,0.05745744705200195,0.15488147735595703
-295,0.09207487106323242,0.05604672431945801,0.15106463432312012
-296,0.09327006340026855,0.05822634696960449,0.15448927879333496
-297,0.09917521476745605,0.06008481979370117,0.1650991439819336
-298,0.09301352500915527,0.05452680587768555,0.15056490898132324
-299,0.10015225410461426,0.05559110641479492,0.15868496894836426
-301,0.09362959861755371,0.05321526527404785,0.14910483360290527
-303,0.0933678150177002,0.05802655220031738,0.15380597114562988
-306,0.09525442123413086,0.054403066635131836,0.15268564224243164
-309,0.09328103065490723,0.05074572563171387,0.1468510627746582
-312,0.09361743927001953,0.0546870231628418,0.15059328079223633
-315,0.09606313705444336,0.05534029006958008,0.1548175811767578
-317,0.09265637397766113,0.056488037109375,0.15203094482421875
-320,0.0935373306274414,0.0477447509765625,0.14392471313476562
-323,0.09462499618530273,0.0469515323638916,0.1444258689880371
-326,0.09471654891967773,0.04387664794921875,0.14079976081848145
-329,0.0958852767944336,0.04684758186340332,0.1449582576751709
-332,0.11935186386108398,0.04746747016906738,0.17062640190124512
-335,0.09244132041931152,0.041596174240112305,0.1363224983215332
-337,0.09586644172668457,0.048400163650512695,0.14617204666137695
-339,0.09468817710876465,0.03972125053405762,0.13711047172546387
-341,0.09450864791870117,0.04185891151428223,0.1395854949951172
-343,0.09332585334777832,0.044977426528930664,0.14025473594665527
-346,0.09295248985290527,0.037297964096069336,0.1330866813659668
-349,0.09338665008544922,0.04274892807006836,0.13979482650756836
-352,0.09656620025634766,0.04226040840148926,0.14171123504638672
-354,0.09543251991271973,0.0432131290435791,0.14143681526184082
-356,0.09517240524291992,0.04360198974609375,0.14134526252746582
-358,0.09561371803283691,0.04318070411682129,0.14130115509033203
-360,0.1010732650756836,0.043020009994506836,0.1466655731201172
-361,0.10330986976623535,0.06523752212524414,0.17110085487365723
-361,0.14069056510925293,0.040252685546875,0.18562579154968262
-361,0.09948396682739258,0.03812742233276367,0.1423478126525879
-361,0.09507441520690918,0.03625011444091797,0.1350114345550537
-361,0.0947718620300293,0.03715324401855469,0.13490724563598633
-361,0.09272456169128418,0.03500175476074219,0.13129591941833496
-361,0.09547281265258789,0.036191701889038086,0.13468456268310547
-361,0.142136812210083,0.0472865104675293,0.19589948654174805
-361,0.10028266906738281,0.04366636276245117,0.14669322967529297
-361,0.10598397254943848,0.04277491569519043,0.15105271339416504
-362,0.10180950164794922,0.03904151916503906,0.14372849464416504
-362,0.09969639778137207,0.04089999198913574,0.1446690559387207
-362,0.10261654853820801,0.04123091697692871,0.14652299880981445
-362,0.0977635383605957,0.04762744903564453,0.14749455451965332
-363,0.0960240364074707,0.04388260841369629,0.14440345764160156
-363,0.08982253074645996,0.039340972900390625,0.13182568550109863
-364,0.0902397632598877,0.038498640060424805,0.1310124397277832
-365,0.09151291847229004,0.03727316856384277,0.13153791427612305
-366,0.09203362464904785,0.037626028060913086,0.13217878341674805
-367,0.08880090713500977,0.03402304649353027,0.12534785270690918
-368,0.09272503852844238,0.037809133529663086,0.1330268383026123
-368,0.09267520904541016,0.038025617599487305,0.13546037673950195
-368,0.0893852710723877,0.03928852081298828,0.13079214096069336
-368,0.08952665328979492,0.039063453674316406,0.1307380199432373
-368,0.08842778205871582,0.03719282150268555,0.12778329849243164
-368,0.09012937545776367,0.03832364082336426,0.13094329833984375
-368,0.09011507034301758,0.041956424713134766,0.1343834400177002
-368,0.09111237525939941,0.04323410987854004,0.1366274356842041
-369,0.0897974967956543,0.03433847427368164,0.12661433219909668
-369,0.08903336524963379,0.03821516036987305,0.12938714027404785
-369,0.08913826942443848,0.039991140365600586,0.13131976127624512
-370,0.08913683891296387,0.03481793403625488,0.1261742115020752
-371,0.10723638534545898,0.03570103645324707,0.1448228359222412
-372,0.09089827537536621,0.03776144981384277,0.13197922706604004
-373,0.08877730369567871,0.03612351417541504,0.1272120475769043
-374,0.0901482105255127,0.03581404685974121,0.12922000885009766
-375,0.08828091621398926,0.031641483306884766,0.12221574783325195
-376,0.08980894088745117,0.0299379825592041,0.12197327613830566
-376,0.08974432945251465,0.03772330284118652,0.13051295280456543
-376,0.08804535865783691,0.03728437423706055,0.12836289405822754
-377,0.08900666236877441,0.03875255584716797,0.12993693351745605
-378,0.0895388126373291,0.03554534912109375,0.12725353240966797
-379,0.09244179725646973,0.035955190658569336,0.13058853149414062
-380,0.09022641181945801,0.03520488739013672,0.12760663032531738
-381,0.08865189552307129,0.03592681884765625,0.12723588943481445
-382,0.09129452705383301,0.03919363021850586,0.13327956199645996
-383,0.08998322486877441,0.039177894592285156,0.13138914108276367
-384,0.09046411514282227,0.04226207733154297,0.1349639892578125
-385,0.08985304832458496,0.034720659255981445,0.12761163711547852
-386,0.08971524238586426,0.04303264617919922,0.1353013515472412
-387,0.0882565975189209,0.04026436805725098,0.13073229789733887
-388,0.09192538261413574,0.0391080379486084,0.13316655158996582
-389,0.09272885322570801,0.04226493835449219,0.13758373260498047
-390,0.09083390235900879,0.042142629623413086,0.13622474670410156
-391,0.09760332107543945,0.04915785789489746,0.1492447853088379
-392,0.09063887596130371,0.036004066467285156,0.13173604011535645
-393,0.09796857833862305,0.06729364395141602,0.1681365966796875
-394,0.10273909568786621,0.04781174659729004,0.15570759773254395
-395,0.10244274139404297,0.038336992263793945,0.14326238632202148
-396,0.0991511344909668,0.042034149169921875,0.14409136772155762
-397,0.09292817115783691,0.04570937156677246,0.14093494415283203
-398,0.09405326843261719,0.03721904754638672,0.13373661041259766
-399,0.0910944938659668,0.0419011116027832,0.1356196403503418
-400,0.1072237491607666,0.03536701202392578,0.14485621452331543
-401,0.09127259254455566,0.03616976737976074,0.12949419021606445
-402,0.0909428596496582,0.03455495834350586,0.12853336334228516
-403,0.09041380882263184,0.03911638259887695,0.1317141056060791
-405,0.09095335006713867,0.028871774673461914,0.12238335609436035
-407,0.09342741966247559,0.027953386306762695,0.12414836883544922
-409,0.09022068977355957,0.0253450870513916,0.11777067184448242
-411,0.09913015365600586,0.03951406478881836,0.14059853553771973
-413,0.09845685958862305,0.026387453079223633,0.13113760948181152
-415,0.09250283241271973,0.028974294662475586,0.12410449981689453
-417,0.09316515922546387,0.02937769889831543,0.1262063980102539
-419,0.09714865684509277,0.03949856758117676,0.13887357711791992
-419,0.10787463188171387,0.04203367233276367,0.1531529426574707
-420,0.08932185173034668,0.03122234344482422,0.12313628196716309
-421,0.09002494812011719,0.03819084167480469,0.13041901588439941
-421,0.08939409255981445,0.034139156341552734,0.1261301040649414
-422,0.08826637268066406,0.029888629913330078,0.12059807777404785
-423,0.08984541893005371,0.03032708168029785,0.1221921443939209
-424,0.08953714370727539,0.030429840087890625,0.12225961685180664
-425,0.0896751880645752,0.03463411331176758,0.12652993202209473
-426,0.08975052833557129,0.0309145450592041,0.12279868125915527
-427,0.08938741683959961,0.030551910400390625,0.12201881408691406
-427,0.1087188720703125,0.03426003456115723,0.14530634880065918
-427,0.09204554557800293,0.030689716339111328,0.12533926963806152
-427,0.09338212013244629,0.03404498100280762,0.1294994354248047
-427,0.08959293365478516,0.03524184226989746,0.12714052200317383
-427,0.09005212783813477,0.03506064414978027,0.12778854370117188
-427,0.08902978897094727,0.03996467590332031,0.13201093673706055
-427,0.08969998359680176,0.0360720157623291,0.12816905975341797
-427,0.09262490272521973,0.03864121437072754,0.13372564315795898
-427,0.08889317512512207,0.03507065773010254,0.12673544883728027
-427,0.0886385440826416,0.030312776565551758,0.12108135223388672
-427,0.09102964401245117,0.026131391525268555,0.11928844451904297
-427,0.091888427734375,0.02914142608642578,0.12311506271362305
-427,0.09145617485046387,0.02549886703491211,0.11928081512451172
-427,0.08917355537414551,0.026247024536132812,0.11738276481628418
-427,0.09092164039611816,0.028347253799438477,0.12138891220092773
-427,0.09298229217529297,0.027434110641479492,0.1233522891998291
-427,0.09143424034118652,0.027336597442626953,0.12169599533081055
-427,0.09108090400695801,0.030544281005859375,0.12532973289489746
-427,0.08974671363830566,0.03477311134338379,0.12665534019470215
-427,0.09458589553833008,0.03516888618469238,0.13215303421020508
-427,0.08968162536621094,0.03590869903564453,0.1289827823638916
-427,0.09011459350585938,0.03755474090576172,0.13026881217956543
-427,0.09087967872619629,0.03676271438598633,0.1301114559173584
-427,0.0902705192565918,0.03425407409667969,0.12679529190063477
-426,0.0886070728302002,0.03445172309875488,0.12542986869812012
-425,0.08831357955932617,0.03401470184326172,0.12479829788208008
-424,0.08833193778991699,0.033318519592285156,0.12385678291320801
-423,0.08838057518005371,0.03385806083679199,0.12437057495117188
-422,0.09047269821166992,0.035767316818237305,0.1290428638458252
-421,0.08815908432006836,0.03323984146118164,0.12359166145324707
-420,0.09065723419189453,0.038637399673461914,0.13130664825439453
-419,0.0901639461517334,0.034488677978515625,0.1269526481628418
-418,0.08790445327758789,0.033277273178100586,0.12398123741149902
-417,0.09167313575744629,0.0356595516204834,0.12973403930664062
-416,0.08977437019348145,0.03784489631652832,0.12983989715576172
-415,0.08945059776306152,0.03498506546020508,0.12728142738342285
-414,0.08774948120117188,0.03450942039489746,0.12474346160888672
-413,0.08913874626159668,0.03590965270996094,0.1276404857635498
-412,0.08895611763000488,0.03495430946350098,0.12666893005371094
-411,0.09134173393249512,0.03525662422180176,0.12962770462036133
-411,0.09476256370544434,0.034667015075683594,0.1314411163330078
-410,0.09545707702636719,0.038590431213378906,0.1364426612854004
-409,0.11058402061462402,0.043677330017089844,0.15646076202392578
-408,0.11025619506835938,0.0430760383605957,0.15621471405029297
-408,0.10775446891784668,0.04001498222351074,0.15146970748901367
-408,0.10398077964782715,0.03762054443359375,0.1447763442993164
-408,0.09041762351989746,0.030338287353515625,0.12465357780456543
-408,0.10156822204589844,0.03348135948181152,0.13789939880371094
-408,0.10032773017883301,0.027173519134521484,0.13039684295654297
-408,0.10118722915649414,0.027178287506103516,0.13041305541992188
-408,0.1016852855682373,0.03434133529663086,0.13871264457702637
-410,0.09555315971374512,0.029952287673950195,0.12771987915039062
-412,0.10129117965698242,0.03651881217956543,0.1402416229248047
-413,0.10586071014404297,0.03174138069152832,0.14140653610229492
-414,0.0892326831817627,0.033205270767211914,0.12461733818054199
-416,0.09052205085754395,0.02847743034362793,0.12172341346740723
-418,0.09324836730957031,0.021306753158569336,0.1174020767211914
-420,0.08816289901733398,0.021126985549926758,0.11173272132873535
-422,0.08896684646606445,0.022295475006103516,0.11515665054321289
-424,0.08996772766113281,0.026532649993896484,0.11880826950073242
-426,0.10841989517211914,0.026560544967651367,0.13805747032165527
-430,0.08839750289916992,0.026453495025634766,0.1169731616973877
-433,0.08986330032348633,0.02671670913696289,0.11927151679992676
-437,0.09152770042419434,0.028258085250854492,0.12178611755371094
-440,0.10938549041748047,0.03691554069519043,0.14830970764160156
-444,0.09181451797485352,0.02982020378112793,0.12384223937988281
-447,0.09020352363586426,0.026786088943481445,0.11992096900939941
-451,0.0930185317993164,0.04054379463195801,0.13619494438171387
-454,0.0933837890625,0.03669095039367676,0.13208794593811035
-457,0.09224867820739746,0.032175540924072266,0.12722039222717285
-460,0.09488630294799805,0.03427004814147949,0.13152790069580078
-463,0.11228179931640625,0.04675102233886719,0.1611342430114746
-465,0.09878826141357422,0.027610063552856445,0.12979364395141602
-467,0.09784173965454102,0.029421329498291016,0.12972640991210938
-468,0.10452580451965332,0.03222942352294922,0.14130830764770508
-469,0.09514546394348145,0.03277873992919922,0.13165044784545898
-470,0.0942075252532959,0.03527545928955078,0.13565969467163086
-471,0.10453987121582031,0.030753135681152344,0.1392810344696045
-472,0.0967705249786377,0.037348270416259766,0.1368083953857422
-473,0.09627532958984375,0.04045677185058594,0.13948750495910645
-473,0.09283685684204102,0.02861189842224121,0.12576866149902344
-473,0.10602784156799316,0.029911518096923828,0.13782739639282227
-473,0.09648609161376953,0.028399944305419922,0.12732243537902832
-473,0.12067604064941406,0.038374900817871094,0.16182422637939453
-472,0.10390472412109375,0.02651238441467285,0.1332535743713379
-471,0.09304237365722656,0.028264760971069336,0.12429022789001465
-470,0.08938145637512207,0.025311708450317383,0.11675190925598145
-470,0.08862590789794922,0.022187232971191406,0.11341595649719238
-470,0.08779788017272949,0.018047809600830078,0.10987257957458496
-470,0.08974862098693848,0.01736927032470703,0.10994505882263184
-470,0.08755230903625488,0.0186769962310791,0.1086583137512207
-470,0.08926534652709961,0.017754077911376953,0.10918855667114258
-470,0.09964370727539062,0.021623849868774414,0.12291812896728516
-470,0.08723759651184082,0.01654958724975586,0.10619187355041504
-470,0.09284400939941406,0.01686882972717285,0.11190652847290039
-470,0.0904078483581543,0.014415740966796875,0.10698342323303223
